{"textures":{"0":"modelengine:entity/1bit_elite_baby_ghast"},"elements":[{"from":[0.6502199,5.855,9.89021],"to":[0.6502199,13.610001,13.025209],"faces":{"east":{"uv":[8.5,8.75,9.25,10.75],"tintindex":0,"rotation":0,"texture":"#0"},"west":{"uv":[9.25,8.75,10.0,10.75],"tintindex":0,"rotation":0,"texture":"#0"}},"rotation":{"origin":[6.5902195,0.07999992,17.810211],"angle":-45.0,"axis":"y"}}],"display":{"gui":{"rotation":[30,225,0]}}}