{"textures":{"0":"modelengine:entity/bl_fire_elemental_blessed"},"elements":[{"from":[6.0,8.0,6.0],"to":[10.0,14.0,10.0],"faces":{"east":{"uv":[5.714286,13.428572,6.2857146,14.285715],"tintindex":0,"rotation":0,"texture":"#0"},"south":{"uv":[8.0,13.428572,8.571429,14.285715],"tintindex":0,"rotation":0,"texture":"#0"},"north":{"uv":[1.7142859,13.428572,2.2857144,14.285715],"tintindex":0,"rotation":0,"texture":"#0"},"west":{"uv":[8.571429,13.428572,9.142858,14.285715],"tintindex":0,"rotation":0,"texture":"#0"},"up":{"uv":[14.714287,8.571429,14.142858,8.0],"tintindex":0,"rotation":0,"texture":"#0"},"down":{"uv":[14.714287,8.571429,14.142858,9.142858],"tintindex":0,"rotation":0,"texture":"#0"}}},{"from":[8.0,14.0,6.0],"to":[8.0,20.0,10.0],"faces":{"east":{"uv":[9.142858,13.428572,9.714286,14.285715],"tintindex":0,"rotation":0,"texture":"#0"},"west":{"uv":[10.285715,13.428572,10.857143,14.285715],"tintindex":0,"rotation":0,"texture":"#0"}}}],"display":{"gui":{"rotation":[30,225,0]}}}