{"textures":{"0":"modelengine:entity/bl_fire_elemental_blessed"},"elements":[{"from":[8.0,20.0,6.0],"to":[8.0,24.0,10.0],"faces":{"east":{"uv":[3.4285717,14.000001,4.0,14.571429],"tintindex":0,"rotation":0,"texture":"#0"},"west":{"uv":[10.857143,14.000001,11.428572,14.571429],"tintindex":0,"rotation":0,"texture":"#0"}}},{"from":[6.0,8.0,6.0],"to":[10.0,20.0,10.0],"faces":{"east":{"uv":[2.2857144,11.428572,2.857143,13.142858],"tintindex":0,"rotation":0,"texture":"#0"},"south":{"uv":[2.857143,11.428572,3.4285717,13.142858],"tintindex":0,"rotation":0,"texture":"#0"},"north":{"uv":[9.714286,11.142858,10.285715,12.857143],"tintindex":0,"rotation":0,"texture":"#0"},"west":{"uv":[3.4285717,11.428572,4.0,13.142858],"tintindex":0,"rotation":0,"texture":"#0"},"up":{"uv":[2.857143,14.571429,2.2857144,14.000001],"tintindex":0,"rotation":0,"texture":"#0"},"down":{"uv":[3.4285717,14.000001,2.857143,14.571429],"tintindex":0,"rotation":0,"texture":"#0"}}}],"display":{"gui":{"rotation":[30,225,0]}}}