{"textures":{"0":"modelengine:entity/bl_fire_elemental_blessed"},"elements":[{"from":[6.0,8.0,6.0],"to":[10.0,14.0,10.0],"faces":{"east":{"uv":[13.285715,3.1428573,13.857143,4.0],"tintindex":0,"rotation":0,"texture":"#0"},"south":{"uv":[0.0,13.428572,0.5714286,14.285715],"tintindex":0,"rotation":0,"texture":"#0"},"north":{"uv":[13.285715,2.2857144,13.857143,3.1428573],"tintindex":0,"rotation":0,"texture":"#0"},"west":{"uv":[13.428572,0.0,14.000001,0.8571429],"tintindex":0,"rotation":0,"texture":"#0"},"up":{"uv":[12.000001,14.571429,11.428572,14.000001],"tintindex":0,"rotation":0,"texture":"#0"},"down":{"uv":[13.714287,14.000001,13.142858,14.571429],"tintindex":0,"rotation":0,"texture":"#0"}}},{"from":[8.0,14.0,6.0],"to":[8.0,20.0,10.0],"faces":{"east":{"uv":[0.5714286,13.428572,1.1428572,14.285715],"tintindex":0,"rotation":0,"texture":"#0"},"west":{"uv":[1.1428572,13.428572,1.7142859,14.285715],"tintindex":0,"rotation":0,"texture":"#0"}}}],"display":{"gui":{"rotation":[30,225,0]}}}