{"textures":{"0":"modelengine:entity/bl_fire_elemental_blessed"},"elements":[{"from":[8.0,24.0,5.0],"to":[8.0,32.0,10.999999],"faces":{"east":{"uv":[2.2857144,10.285715,3.1428573,11.428572],"tintindex":0,"rotation":0,"texture":"#0"},"west":{"uv":[3.1428573,10.285715,4.0,11.428572],"tintindex":0,"rotation":0,"texture":"#0"}}},{"from":[5.0,8.0,5.0],"to":[11.0,24.0,10.999999],"faces":{"east":{"uv":[4.2857146,4.571429,5.1428576,6.8571434],"tintindex":0,"rotation":0,"texture":"#0"},"south":{"uv":[5.1428576,0.0,6.0000005,2.2857144],"tintindex":0,"rotation":0,"texture":"#0"},"north":{"uv":[3.4285717,4.571429,4.2857146,6.8571434],"tintindex":0,"rotation":0,"texture":"#0"},"west":{"uv":[5.1428576,2.2857144,6.0000005,4.571429],"tintindex":0,"rotation":0,"texture":"#0"},"up":{"uv":[13.000001,9.428572,12.142858,8.571429],"tintindex":0,"rotation":0,"texture":"#0"},"down":{"uv":[13.000001,9.428572,12.142858,10.285715],"tintindex":0,"rotation":0,"texture":"#0"}}}],"display":{"gui":{"rotation":[30,225,0]}}}