{"textures":{"0":"modelengine:entity/bl_fire_elemental_blessed"},"elements":[{"from":[8.0,24.0,5.0],"to":[8.0,32.0,11.0],"faces":{"east":{"uv":[4.0,10.857143,4.857143,12.000001],"tintindex":0,"rotation":0,"texture":"#0"},"west":{"uv":[4.857143,10.857143,5.714286,12.000001],"tintindex":0,"rotation":0,"texture":"#0"}}},{"from":[5.0,8.0,5.0],"to":[11.0,24.0,11.0],"faces":{"east":{"uv":[6.0000005,0.0,6.8571434,2.2857144],"tintindex":0,"rotation":0,"texture":"#0"},"south":{"uv":[6.0000005,2.2857144,6.8571434,4.571429],"tintindex":0,"rotation":0,"texture":"#0"},"north":{"uv":[5.1428576,4.571429,6.0000005,6.8571434],"tintindex":0,"rotation":0,"texture":"#0"},"west":{"uv":[6.0000005,4.571429,6.8571434,6.8571434],"tintindex":0,"rotation":0,"texture":"#0"},"up":{"uv":[13.000001,11.142858,12.142858,10.285715],"tintindex":0,"rotation":0,"texture":"#0"},"down":{"uv":[13.000001,11.142858,12.142858,12.000001],"tintindex":0,"rotation":0,"texture":"#0"}}}],"display":{"gui":{"rotation":[30,225,0]}}}