{"textures":{"0":"modelengine:entity/1bit_elite_ghast"},"elements":[{"from":[-14.049345,1.5649996,13.67064],"to":[-14.049345,24.829998,23.07564],"faces":{"east":{"uv":[6.8125,12.0,6.125,13.75],"tintindex":0,"rotation":0,"texture":"#0"},"west":{"uv":[5.9375,12.0,5.25,13.75],"tintindex":0,"rotation":0,"texture":"#0"}},"rotation":{"origin":[3.7706547,-15.76,37.43064],"angle":-45.0,"axis":"y"}}],"display":{"gui":{"rotation":[30,225,0]}}}