{"textures":{"0":"modelengine:entity/bl_fire_elemental_blessed"},"elements":[{"from":[6.0,8.0,6.0],"to":[10.0,14.0,10.0],"faces":{"east":{"uv":[0.5714286,12.571429,1.1428572,13.428572],"tintindex":0,"rotation":0,"texture":"#0"},"south":{"uv":[1.1428572,12.571429,1.7142859,13.428572],"tintindex":0,"rotation":0,"texture":"#0"},"north":{"uv":[0.0,12.571429,0.5714286,13.428572],"tintindex":0,"rotation":0,"texture":"#0"},"west":{"uv":[1.7142859,12.571429,2.2857144,13.428572],"tintindex":0,"rotation":0,"texture":"#0"},"up":{"uv":[14.142858,7.1428576,13.571429,6.571429],"tintindex":0,"rotation":0,"texture":"#0"},"down":{"uv":[14.142858,7.1428576,13.571429,7.714286],"tintindex":0,"rotation":0,"texture":"#0"}}},{"from":[8.0,14.0,6.0],"to":[8.0,20.0,10.0],"faces":{"east":{"uv":[12.571429,4.0,13.142858,4.857143],"tintindex":0,"rotation":0,"texture":"#0"},"west":{"uv":[12.571429,4.857143,13.142858,5.714286],"tintindex":0,"rotation":0,"texture":"#0"}}}],"display":{"gui":{"rotation":[30,225,0]}}}