{"textures":{"0":"modelengine:entity/bl_fire_elemental_blessed"},"elements":[{"from":[6.0,8.0,6.0],"to":[10.0,14.0,10.0],"faces":{"east":{"uv":[12.571429,5.714286,13.142858,6.571429],"tintindex":0,"rotation":0,"texture":"#0"},"south":{"uv":[8.0,12.571429,8.571429,13.428572],"tintindex":0,"rotation":0,"texture":"#0"},"north":{"uv":[5.714286,12.571429,6.2857146,13.428572],"tintindex":0,"rotation":0,"texture":"#0"},"west":{"uv":[10.285715,12.571429,10.857143,13.428572],"tintindex":0,"rotation":0,"texture":"#0"},"up":{"uv":[14.142858,10.571429,13.571429,10.0],"tintindex":0,"rotation":0,"texture":"#0"},"down":{"uv":[14.142858,10.571429,13.571429,11.142858],"tintindex":0,"rotation":0,"texture":"#0"}}},{"from":[8.0,14.0,6.0],"to":[8.0,20.0,10.0],"faces":{"east":{"uv":[10.857143,12.571429,11.428572,13.428572],"tintindex":0,"rotation":0,"texture":"#0"},"west":{"uv":[11.428572,12.571429,12.000001,13.428572],"tintindex":0,"rotation":0,"texture":"#0"}}}],"display":{"gui":{"rotation":[30,225,0]}}}