{"textures":{"0":"modelengine:entity/bl_fire_elemental_blessed"},"elements":[{"from":[6.0,8.0,6.0],"to":[10.0,20.0,10.0],"faces":{"east":{"uv":[0.5714286,9.142858,1.1428572,10.857143],"tintindex":0,"rotation":0,"texture":"#0"},"south":{"uv":[1.1428572,9.142858,1.7142859,10.857143],"tintindex":0,"rotation":0,"texture":"#0"},"north":{"uv":[0.0,9.142858,0.5714286,10.857143],"tintindex":0,"rotation":0,"texture":"#0"},"west":{"uv":[1.7142859,9.142858,2.2857144,10.857143],"tintindex":0,"rotation":0,"texture":"#0"},"up":{"uv":[14.000001,1.4285715,13.428572,0.8571429],"tintindex":0,"rotation":0,"texture":"#0"},"down":{"uv":[11.428572,13.428572,10.857143,14.000001],"tintindex":0,"rotation":0,"texture":"#0"}}},{"from":[8.0,20.0,6.0],"to":[8.0,24.0,10.0],"faces":{"east":{"uv":[11.428572,13.428572,12.000001,14.000001],"tintindex":0,"rotation":0,"texture":"#0"},"west":{"uv":[13.142858,13.428572,13.714287,14.000001],"tintindex":0,"rotation":0,"texture":"#0"}}}],"display":{"gui":{"rotation":[30,225,0]}}}