{"textures":{"0":"modelengine:entity/bl_fire_elemental_blessed"},"elements":[{"from":[5.0,8.0,5.000001],"to":[11.0,24.0,11.0],"faces":{"east":{"uv":[3.4285717,2.2857144,4.2857146,4.571429],"tintindex":0,"rotation":0,"texture":"#0"},"south":{"uv":[4.2857146,0.0,5.1428576,2.2857144],"tintindex":0,"rotation":0,"texture":"#0"},"north":{"uv":[3.4285717,0.0,4.2857146,2.2857144],"tintindex":0,"rotation":0,"texture":"#0"},"west":{"uv":[4.2857146,2.2857144,5.1428576,4.571429],"tintindex":0,"rotation":0,"texture":"#0"},"up":{"uv":[7.1428576,12.857143,6.2857146,12.000001],"tintindex":0,"rotation":0,"texture":"#0"},"down":{"uv":[8.0,12.000001,7.1428576,12.857143],"tintindex":0,"rotation":0,"texture":"#0"}}},{"from":[8.0,24.0,5.000001],"to":[8.0,32.0,11.0],"faces":{"east":{"uv":[2.2857144,9.142858,3.1428573,10.285715],"tintindex":0,"rotation":0,"texture":"#0"},"west":{"uv":[3.1428573,9.142858,4.0,10.285715],"tintindex":0,"rotation":0,"texture":"#0"}}}],"display":{"gui":{"rotation":[30,225,0]}}}