{"textures":{"0":"modelengine:entity/bl_fire_elemental_blessed"},"elements":[{"from":[6.0,8.0,6.0],"to":[10.0,14.0,10.0],"faces":{"east":{"uv":[13.142858,4.0,13.714287,4.857143],"tintindex":0,"rotation":0,"texture":"#0"},"south":{"uv":[13.142858,4.857143,13.714287,5.714286],"tintindex":0,"rotation":0,"texture":"#0"},"north":{"uv":[3.4285717,13.142858,4.0,14.000001],"tintindex":0,"rotation":0,"texture":"#0"},"west":{"uv":[13.142858,5.714286,13.714287,6.571429],"tintindex":0,"rotation":0,"texture":"#0"},"up":{"uv":[14.571429,0.5714286,14.000001,0.0],"tintindex":0,"rotation":0,"texture":"#0"},"down":{"uv":[14.571429,0.5714286,14.000001,1.1428572],"tintindex":0,"rotation":0,"texture":"#0"}}},{"from":[8.0,14.0,6.0],"to":[8.0,20.0,10.0],"faces":{"east":{"uv":[13.142858,12.571429,13.714287,13.428572],"tintindex":0,"rotation":0,"texture":"#0"},"west":{"uv":[13.285715,1.4285715,13.857143,2.2857144],"tintindex":0,"rotation":0,"texture":"#0"}}}],"display":{"gui":{"rotation":[30,225,0]}}}