{"textures":{"0":"modelengine:entity/bl_fire_elemental_blessed"},"elements":[{"from":[5.0,8.0,5.000001],"to":[11.0,24.0,11.0],"faces":{"east":{"uv":[0.8571429,4.571429,1.7142859,6.8571434],"tintindex":0,"rotation":0,"texture":"#0"},"south":{"uv":[1.7142859,4.571429,2.5714288,6.8571434],"tintindex":0,"rotation":0,"texture":"#0"},"north":{"uv":[0.0,4.571429,0.8571429,6.8571434],"tintindex":0,"rotation":0,"texture":"#0"},"west":{"uv":[2.5714288,4.571429,3.4285717,6.8571434],"tintindex":0,"rotation":0,"texture":"#0"},"up":{"uv":[13.000001,7.714286,12.142858,6.8571434],"tintindex":0,"rotation":0,"texture":"#0"},"down":{"uv":[13.000001,7.714286,12.142858,8.571429],"tintindex":0,"rotation":0,"texture":"#0"}}},{"from":[8.0,24.0,5.000001],"to":[8.0,32.0,11.0],"faces":{"east":{"uv":[6.2857146,9.142858,7.1428576,10.285715],"tintindex":0,"rotation":0,"texture":"#0"},"west":{"uv":[7.1428576,9.142858,8.0,10.285715],"tintindex":0,"rotation":0,"texture":"#0"}}}],"display":{"gui":{"rotation":[30,225,0]}}}