{"textures":{"0":"modelengine:entity/bl_fire_elemental_blessed"},"elements":[{"from":[6.0,8.0,6.0],"to":[10.0,14.0,10.0],"faces":{"east":{"uv":[13.000001,10.0,13.571429,10.857143],"tintindex":0,"rotation":0,"texture":"#0"},"south":{"uv":[13.000001,10.857143,13.571429,11.714286],"tintindex":0,"rotation":0,"texture":"#0"},"north":{"uv":[13.000001,9.142858,13.571429,10.0],"tintindex":0,"rotation":0,"texture":"#0"},"west":{"uv":[13.000001,11.714286,13.571429,12.571429],"tintindex":0,"rotation":0,"texture":"#0"},"up":{"uv":[14.285715,13.428572,13.714287,12.857143],"tintindex":0,"rotation":0,"texture":"#0"},"down":{"uv":[14.285715,13.428572,13.714287,14.000001],"tintindex":0,"rotation":0,"texture":"#0"}}},{"from":[8.0,14.0,6.0],"to":[8.0,20.0,10.0],"faces":{"east":{"uv":[2.2857144,13.142858,2.857143,14.000001],"tintindex":0,"rotation":0,"texture":"#0"},"west":{"uv":[2.857143,13.142858,3.4285717,14.000001],"tintindex":0,"rotation":0,"texture":"#0"}}}],"display":{"gui":{"rotation":[30,225,0]}}}