{"textures":{"0":"modelengine:entity/bl_fire_elemental_blessed"},"elements":[{"from":[5.0,8.0,5.0],"to":[11.0,24.0,11.0],"faces":{"east":{"uv":[2.5714288,6.8571434,3.4285717,9.142858],"tintindex":0,"rotation":0,"texture":"#0"},"south":{"uv":[3.4285717,6.8571434,4.2857146,9.142858],"tintindex":0,"rotation":0,"texture":"#0"},"north":{"uv":[6.8571434,2.2857144,7.714286,4.571429],"tintindex":0,"rotation":0,"texture":"#0"},"west":{"uv":[4.2857146,6.8571434,5.1428576,9.142858],"tintindex":0,"rotation":0,"texture":"#0"},"up":{"uv":[13.285715,3.1428573,12.428572,2.2857144],"tintindex":0,"rotation":0,"texture":"#0"},"down":{"uv":[13.285715,3.1428573,12.428572,4.0],"tintindex":0,"rotation":0,"texture":"#0"}}},{"from":[8.0,24.0,5.0],"to":[8.0,32.0,11.0],"faces":{"east":{"uv":[11.571429,1.4285715,12.428572,2.5714288],"tintindex":0,"rotation":0,"texture":"#0"},"west":{"uv":[11.571429,2.5714288,12.428572,3.7142859],"tintindex":0,"rotation":0,"texture":"#0"}}}],"display":{"gui":{"rotation":[30,225,0]}}}