{"textures":{"0":"modelengine:entity/bl_fire_elemental_blessed"},"elements":[{"from":[5.0,8.0,5.0],"to":[11.0,24.0,11.0],"faces":{"east":{"uv":[6.8571434,0.0,7.714286,2.2857144],"tintindex":0,"rotation":0,"texture":"#0"},"south":{"uv":[0.8571429,6.8571434,1.7142859,9.142858],"tintindex":0,"rotation":0,"texture":"#0"},"north":{"uv":[0.0,6.8571434,0.8571429,9.142858],"tintindex":0,"rotation":0,"texture":"#0"},"west":{"uv":[1.7142859,6.8571434,2.5714288,9.142858],"tintindex":0,"rotation":0,"texture":"#0"},"up":{"uv":[13.000001,12.857143,12.142858,12.000001],"tintindex":0,"rotation":0,"texture":"#0"},"down":{"uv":[13.285715,1.4285715,12.428572,2.2857144],"tintindex":0,"rotation":0,"texture":"#0"}}},{"from":[8.0,24.0,5.0],"to":[8.0,32.0,11.0],"faces":{"east":{"uv":[11.285715,6.8571434,12.142858,8.0],"tintindex":0,"rotation":0,"texture":"#0"},"west":{"uv":[11.285715,8.0,12.142858,9.142858],"tintindex":0,"rotation":0,"texture":"#0"}}}],"display":{"gui":{"rotation":[30,225,0]}}}