{"textures":{"0":"modelengine:entity/skeleton_boss"},"elements":[{"from":[8.0,4.75,5.75],"to":[14.0,11.25,12.25],"faces":{"east":{"uv":[3.75,1.0625,4.15625,1.46875],"tintindex":0,"rotation":0,"texture":"#0"},"south":{"uv":[3.5,3.84375,3.875,4.25],"tintindex":0,"rotation":0,"texture":"#0"},"north":{"uv":[3.09375,3.8125,3.46875,4.21875],"tintindex":0,"rotation":0,"texture":"#0"},"west":{"uv":[1.78125,3.8125,2.1875,4.21875],"tintindex":0,"rotation":0,"texture":"#0"},"up":{"uv":[4.28125,4.25,3.90625,3.84375],"tintindex":0,"rotation":0,"texture":"#0"},"down":{"uv":[4.34375,1.5,3.96875,1.90625],"tintindex":0,"rotation":0,"texture":"#0"}}},{"from":[14.15,5.9,5.9],"to":[25.35,10.1,10.1],"faces":{"east":{"uv":[5.625,5.0,5.90625,5.28125],"tintindex":0,"rotation":0,"texture":"#0"},"south":{"uv":[0.75,2.75,1.46875,3.03125],"tintindex":0,"rotation":0,"texture":"#0"},"north":{"uv":[2.75,0.625,3.46875,0.90625],"tintindex":0,"rotation":0,"texture":"#0"},"west":{"uv":[0.0,5.65625,0.28125,5.9375],"tintindex":0,"rotation":0,"texture":"#0"},"up":{"uv":[2.21875,3.3125,1.5,3.03125],"tintindex":0,"rotation":0,"texture":"#0"},"down":{"uv":[0.71875,3.0625,0.0,3.34375],"tintindex":0,"rotation":0,"texture":"#0"}}},{"from":[14.0,5.75,5.75],"to":[25.5,10.25,10.25],"faces":{"east":{"uv":[4.65625,5.59375,4.9375,5.875],"tintindex":0,"rotation":0,"texture":"#0"},"south":{"uv":[0.0,2.75,0.71875,3.03125],"tintindex":0,"rotation":0,"texture":"#0"},"north":{"uv":[1.78125,2.71875,2.5,3.0],"tintindex":0,"rotation":0,"texture":"#0"},"west":{"uv":[5.625,4.6875,5.90625,4.96875],"tintindex":0,"rotation":0,"texture":"#0"},"up":{"uv":[3.46875,0.28125,2.75,0.0],"tintindex":0,"rotation":0,"texture":"#0"},"down":{"uv":[3.46875,0.3125,2.75,0.59375],"tintindex":0,"rotation":0,"texture":"#0"}}}],"display":{"gui":{"rotation":[30,225,0]}}}