{"textures":{"0":"modelengine:entity/skeleton_boss"},"elements":[{"from":[17.889961,-0.78900987,0.5999996],"to":[21.48996,2.81099,11.2],"faces":{"east":{"uv":[5.625,5.34375,5.9375,5.4375],"tintindex":0,"rotation":0,"texture":"#0"},"south":{"uv":[7.625,2.25,7.71875,2.34375],"tintindex":0,"rotation":0,"texture":"#0"},"north":{"uv":[2.15625,7.625,2.25,7.71875],"tintindex":0,"rotation":0,"texture":"#0"},"west":{"uv":[5.65625,3.25,5.96875,3.34375],"tintindex":0,"rotation":0,"texture":"#0"},"up":{"uv":[6.03125,7.40625,5.9375,7.09375],"tintindex":0,"rotation":0,"texture":"#0"},"down":{"uv":[0.96875,7.125,0.875,7.4375],"tintindex":0,"rotation":0,"texture":"#0"}},"rotation":{"origin":[19.68996,1.0109901,5.9],"angle":-22.5,"axis":"z"}},{"from":[13.60205,0.7799904,0.5999996],"to":[18.20205,4.3799906,5.2000003],"faces":{"east":{"uv":[7.59375,0.9375,7.71875,1.03125],"tintindex":0,"rotation":0,"texture":"#0"},"south":{"uv":[1.875,7.59375,2.0,7.6875],"tintindex":0,"rotation":0,"texture":"#0"},"north":{"uv":[5.03125,3.125,5.15625,3.21875],"tintindex":0,"rotation":0,"texture":"#0"},"west":{"uv":[2.40625,7.59375,2.53125,7.6875],"tintindex":0,"rotation":0,"texture":"#0"},"up":{"uv":[5.625,4.15625,5.5,4.03125],"tintindex":0,"rotation":0,"texture":"#0"},"down":{"uv":[6.375,6.9375,6.25,7.0625],"tintindex":0,"rotation":0,"texture":"#0"}},"rotation":{"origin":[15.90205,2.5799904,2.9],"angle":-22.5,"axis":"z"}},{"from":[12.525929,6.397311,-2.4000003],"to":[21.125929,11.997312,3.2],"faces":{"east":{"uv":[2.65625,7.21875,2.8125,7.375],"tintindex":0,"rotation":0,"texture":"#0"},"south":{"uv":[6.84375,6.0625,7.09375,6.21875],"tintindex":0,"rotation":0,"texture":"#0"},"north":{"uv":[0.5625,4.53125,0.8125,4.6875],"tintindex":0,"rotation":0,"texture":"#0"},"west":{"uv":[7.21875,3.6875,7.375,3.84375],"tintindex":0,"rotation":0,"texture":"#0"},"up":{"uv":[1.25,7.0625,1.0,6.90625],"tintindex":0,"rotation":0,"texture":"#0"},"down":{"uv":[2.09375,6.90625,1.84375,7.0625],"tintindex":0,"rotation":0,"texture":"#0"}},"rotation":{"origin":[16.82593,9.197311,0.39999962],"angle":-22.5,"axis":"z"}},{"from":[18.266079,-0.10633087,4.5],"to":[21.266079,2.8936691,11.5],"faces":{"east":{"uv":[2.90625,7.40625,3.125,7.5],"tintindex":0,"rotation":0,"texture":"#0"},"south":{"uv":[7.625,2.625,7.71875,2.71875],"tintindex":0,"rotation":0,"texture":"#0"},"north":{"uv":[7.625,2.5,7.71875,2.59375],"tintindex":0,"rotation":0,"texture":"#0"},"west":{"uv":[3.15625,7.40625,3.375,7.5],"tintindex":0,"rotation":0,"texture":"#0"},"up":{"uv":[2.625,2.9375,2.53125,2.71875],"tintindex":0,"rotation":0,"texture":"#0"},"down":{"uv":[0.875,5.1875,0.78125,5.40625],"tintindex":0,"rotation":0,"texture":"#0"}},"rotation":{"origin":[18.766079,1.3936691,8.0],"angle":-22.5,"axis":"z"}},{"from":[10.83698,8.763802,12.5],"to":[25.83698,13.763802,16.5],"faces":{"east":{"uv":[4.5,6.0625,4.625,6.21875],"tintindex":0,"rotation":0,"texture":"#0"},"south":{"uv":[0.0,6.03125,0.46875,6.1875],"tintindex":0,"rotation":0,"texture":"#0"},"north":{"uv":[5.40625,6.0,5.875,6.15625],"tintindex":0,"rotation":0,"texture":"#0"},"west":{"uv":[1.9375,7.40625,2.0625,7.5625],"tintindex":0,"rotation":0,"texture":"#0"},"up":{"uv":[6.59375,1.125,6.125,1.0],"tintindex":0,"rotation":0,"texture":"#0"},"down":{"uv":[6.8125,4.1875,6.34375,4.3125],"tintindex":0,"rotation":0,"texture":"#0"}},"rotation":{"origin":[11.83698,11.263802,15.0],"angle":-22.5,"axis":"z"}},{"from":[20.623531,3.8716004,-2.4000003],"to":[25.22353,9.471601,12.2],"faces":{"east":{"uv":[3.28125,1.375,3.71875,1.53125],"tintindex":0,"rotation":0,"texture":"#0"},"south":{"uv":[6.0625,7.40625,6.1875,7.5625],"tintindex":0,"rotation":0,"texture":"#0"},"north":{"uv":[5.03125,7.40625,5.15625,7.5625],"tintindex":0,"rotation":0,"texture":"#0"},"west":{"uv":[6.15625,0.0,6.59375,0.15625],"tintindex":0,"rotation":0,"texture":"#0"},"up":{"uv":[4.9375,6.90625,4.8125,6.46875],"tintindex":0,"rotation":0,"texture":"#0"},"down":{"uv":[5.09375,6.46875,4.96875,6.90625],"tintindex":0,"rotation":0,"texture":"#0"}},"rotation":{"origin":[22.92353,6.6716003,4.9],"angle":-22.5,"axis":"z"}},{"from":[21.532501,7.233059,2.5],"to":[25.5325,12.233059,12.5],"faces":{"east":{"uv":[6.5,2.4375,6.8125,2.59375],"tintindex":0,"rotation":0,"texture":"#0"},"south":{"uv":[1.5625,7.4375,1.6875,7.59375],"tintindex":0,"rotation":0,"texture":"#0"},"north":{"uv":[7.4375,0.78125,7.5625,0.9375],"tintindex":0,"rotation":0,"texture":"#0"},"west":{"uv":[6.53125,0.375,6.84375,0.53125],"tintindex":0,"rotation":0,"texture":"#0"},"up":{"uv":[2.625,7.03125,2.5,6.71875],"tintindex":0,"rotation":0,"texture":"#0"},"down":{"uv":[2.25,6.90625,2.125,7.21875],"tintindex":0,"rotation":0,"texture":"#0"}},"rotation":{"origin":[15.532499,9.733059,15.0],"angle":-22.5,"axis":"z"}},{"from":[9.5325,1.2330608,11.5],"to":[21.532501,4.233061,14.5],"faces":{"east":{"uv":[1.5,7.625,1.59375,7.71875],"tintindex":0,"rotation":0,"texture":"#0"},"south":{"uv":[6.9375,5.6875,7.3125,5.78125],"tintindex":0,"rotation":0,"texture":"#0"},"north":{"uv":[2.25,3.03125,2.625,3.125],"tintindex":0,"rotation":0,"texture":"#0"},"west":{"uv":[7.625,2.0,7.71875,2.09375],"tintindex":0,"rotation":0,"texture":"#0"},"up":{"uv":[7.34375,0.09375,6.96875,0.0],"tintindex":0,"rotation":0,"texture":"#0"},"down":{"uv":[7.34375,1.15625,6.96875,1.25],"tintindex":0,"rotation":0,"texture":"#0"}},"rotation":{"origin":[15.532499,2.7330608,13.0],"angle":-22.5,"axis":"z"}},{"from":[14.49444,1.0417194,1.5],"to":[21.49444,4.0417194,4.5],"faces":{"east":{"uv":[2.28125,7.625,2.375,7.71875],"tintindex":0,"rotation":0,"texture":"#0"},"south":{"uv":[7.375,6.5625,7.59375,6.65625],"tintindex":0,"rotation":0,"texture":"#0"},"north":{"uv":[0.3125,4.84375,0.53125,4.9375],"tintindex":0,"rotation":0,"texture":"#0"},"west":{"uv":[7.625,2.375,7.71875,2.46875],"tintindex":0,"rotation":0,"texture":"#0"},"up":{"uv":[7.03125,7.46875,6.8125,7.375],"tintindex":0,"rotation":0,"texture":"#0"},"down":{"uv":[2.875,7.40625,2.65625,7.5],"tintindex":0,"rotation":0,"texture":"#0"}},"rotation":{"origin":[15.99444,2.5417194,3.0],"angle":-22.5,"axis":"z"}},{"from":[10.53698,8.463801,12.2],"to":[26.13698,14.063802,16.8],"faces":{"east":{"uv":[3.40625,7.40625,3.53125,7.5625],"tintindex":0,"rotation":0,"texture":"#0"},"south":{"uv":[1.0,6.0625,1.46875,6.21875],"tintindex":0,"rotation":0,"texture":"#0"},"north":{"uv":[0.5,6.03125,0.96875,6.1875],"tintindex":0,"rotation":0,"texture":"#0"},"west":{"uv":[3.75,7.40625,3.875,7.5625],"tintindex":0,"rotation":0,"texture":"#0"},"up":{"uv":[6.8125,5.65625,6.34375,5.53125],"tintindex":0,"rotation":0,"texture":"#0"},"down":{"uv":[6.90625,5.6875,6.4375,5.8125],"tintindex":0,"rotation":0,"texture":"#0"}},"rotation":{"origin":[11.83698,11.263802,15.0],"angle":-22.5,"axis":"z"}},{"from":[13.532499,7.233059,-1.5],"to":[25.5325,12.233059,2.5],"faces":{"east":{"uv":[2.09375,7.4375,2.21875,7.59375],"tintindex":0,"rotation":0,"texture":"#0"},"south":{"uv":[6.46875,0.1875,6.84375,0.34375],"tintindex":0,"rotation":0,"texture":"#0"},"north":{"uv":[6.4375,5.84375,6.8125,6.0],"tintindex":0,"rotation":0,"texture":"#0"},"west":{"uv":[2.25,7.4375,2.375,7.59375],"tintindex":0,"rotation":0,"texture":"#0"},"up":{"uv":[7.0,1.125,6.625,1.0],"tintindex":0,"rotation":0,"texture":"#0"},"down":{"uv":[7.0,6.25,6.625,6.375],"tintindex":0,"rotation":0,"texture":"#0"}},"rotation":{"origin":[15.532499,9.733059,15.0],"angle":-22.5,"axis":"z"}},{"from":[9.2325,0.9330608,11.2],"to":[21.8325,4.533061,14.8],"faces":{"east":{"uv":[2.03125,7.625,2.125,7.71875],"tintindex":0,"rotation":0,"texture":"#0"},"south":{"uv":[7.03125,0.9375,7.40625,1.03125],"tintindex":0,"rotation":0,"texture":"#0"},"north":{"uv":[6.96875,1.65625,7.34375,1.75],"tintindex":0,"rotation":0,"texture":"#0"},"west":{"uv":[7.625,2.125,7.71875,2.21875],"tintindex":0,"rotation":0,"texture":"#0"},"up":{"uv":[3.4375,7.125,3.0625,7.03125],"tintindex":0,"rotation":0,"texture":"#0"},"down":{"uv":[3.84375,7.03125,3.46875,7.125],"tintindex":0,"rotation":0,"texture":"#0"}},