{"textures":{"0":"modelengine:entity/skeleton_boss"},"elements":[{"from":[17.43617,5.5,-5.27495],"to":[22.43617,10.5,2.72505],"faces":{"east":{"uv":[6.6875,6.90625,6.9375,7.0625],"tintindex":0,"rotation":0,"texture":"#0"},"south":{"uv":[5.25,7.28125,5.40625,7.4375],"tintindex":0,"rotation":0,"texture":"#0"},"north":{"uv":[7.28125,5.0,7.4375,5.15625],"tintindex":0,"rotation":0,"texture":"#0"},"west":{"uv":[1.28125,6.9375,1.53125,7.09375],"tintindex":0,"rotation":0,"texture":"#0"},"up":{"uv":[6.21875,7.15625,6.0625,6.90625],"tintindex":0,"rotation":0,"texture":"#0"},"down":{"uv":[1.71875,6.9375,1.5625,7.1875],"tintindex":0,"rotation":0,"texture":"#0"}},"rotation":{"origin":[14.936171,8.0,5.22505],"angle":22.5,"axis":"y"}},{"from":[14.99314,5.2,-10.748681],"to":[20.59314,10.8,2.85132],"faces":{"east":{"uv":[6.34375,4.0,6.75,4.15625],"tintindex":0,"rotation":0,"texture":"#0"},"south":{"uv":[7.28125,3.375,7.4375,3.53125],"tintindex":0,"rotation":0,"texture":"#0"},"north":{"uv":[3.90625,7.25,4.0625,7.40625],"tintindex":0,"rotation":0,"texture":"#0"},"west":{"uv":[6.34375,5.34375,6.75,5.5],"tintindex":0,"rotation":0,"texture":"#0"},"up":{"uv":[6.53125,5.3125,6.375,4.90625],"tintindex":0,"rotation":0,"texture":"#0"},"down":{"uv":[6.5625,2.8125,6.40625,3.21875],"tintindex":0,"rotation":0,"texture":"#0"}},"rotation":{"origin":[12.79314,8.0,0.051320076],"angle":22.5,"axis":"y"}},{"from":[6.56869,5.2,-9.948161],"to":[12.168691,10.8,-3.34816],"faces":{"east":{"uv":[5.3125,1.1875,5.5,1.34375],"tintindex":0,"rotation":0,"texture":"#0"},"south":{"uv":[7.28125,4.8125,7.4375,4.96875],"tintindex":0,"rotation":0,"texture":"#0"},"north":{"uv":[7.28125,4.625,7.4375,4.78125],"tintindex":0,"rotation":0,"texture":"#0"},"west":{"uv":[7.125,6.03125,7.3125,6.1875],"tintindex":0,"rotation":0,"texture":"#0"},"up":{"uv":[7.34375,1.96875,7.1875,1.78125],"tintindex":0,"rotation":0,"texture":"#0"},"down":{"uv":[3.0,7.1875,2.84375,7.375],"tintindex":0,"rotation":0,"texture":"#0"}},"rotation":{"origin":[9.3686905,8.0,-6.648161],"angle":22.5,"axis":"y"}},{"from":[13.436171,5.5,-10.27495],"to":[22.43617,10.5,-5.27495],"faces":{"east":{"uv":[7.28125,7.03125,7.4375,7.1875],"tintindex":0,"rotation":0,"texture":"#0"},"south":{"uv":[4.28125,6.71875,4.5625,6.875],"tintindex":0,"rotation":0,"texture":"#0"},"north":{"uv":[3.96875,6.71875,4.25,6.875],"tintindex":0,"rotation":0,"texture":"#0"},"west":{"uv":[7.28125,7.21875,7.4375,7.375],"tintindex":0,"rotation":0,"texture":"#0"},"up":{"uv":[6.6875,6.875,6.40625,6.71875],"tintindex":0,"rotation":0,"texture":"#0"},"down":{"uv":[7.0,6.71875,6.71875,6.875],"tintindex":0,"rotation":0,"texture":"#0"}},"rotation":{"origin":[14.936171,8.0,5.22505],"angle":22.5,"axis":"y"}},{"from":[6.4361696,5.5,2.72505],"to":[22.43617,10.5,7.72505],"faces":{"east":{"uv":[2.125,7.25,2.28125,7.40625],"tintindex":0,"rotation":0,"texture":"#0"},"south":{"uv":[5.78125,2.625,6.28125,2.78125],"tintindex":0,"rotation":0,"texture":"#0"},"north":{"uv":[5.625,0.0,6.125,0.15625],"tintindex":0,"rotation":0,"texture":"#0"},"west":{"uv":[2.3125,7.25,2.46875,7.40625],"tintindex":0,"rotation":0,"texture":"#0"},"up":{"uv":[2.53125,5.96875,2.03125,5.8125],"tintindex":0,"rotation":0,"texture":"#0"},"down":{"uv":[3.0625,5.8125,2.5625,5.96875],"tintindex":0,"rotation":0,"texture":"#0"}},"rotation":{"origin":[14.936171,8.0,5.22505],"angle":22.5,"axis":"y"}},{"from":[6.1361694,5.2,2.42505],"to":[22.73617,10.8,8.02505],"faces":{"east":{"uv":[0.0,7.3125,0.15625,7.46875],"tintindex":0,"rotation":0,"texture":"#0"},"south":{"uv":[5.90625,2.03125,6.40625,2.1875],"tintindex":0,"rotation":0,"texture":"#0"},"north":{"uv":[3.09375,5.8125,3.59375,5.96875],"tintindex":0,"rotation":0,"texture":"#0"},"west":{"uv":[7.3125,0.34375,7.46875,0.5],"tintindex":0,"rotation":0,"texture":"#0"},"up":{"uv":[6.40625,5.84375,5.90625,5.6875],"tintindex":0,"rotation":0,"texture":"#0"},"down":{"uv":[6.40625,5.875,5.90625,6.03125],"tintindex":0,"rotation":0,"texture":"#0"}},"rotation":{"origin":[14.936171,8.0,5.22505],"angle":22.5,"axis":"y"}}],"display":{"gui":{"rotation":[30,225,0]}}}