{"textures":{"0":"modelengine:entity/skeleton_boss"},"elements":[{"from":[-0.5,5.75,5.75],"to":[8.0,10.25,10.25],"faces":{"east":{"uv":[1.71875,5.75,2.0,6.03125],"tintindex":0,"rotation":0,"texture":"#0"},"south":{"uv":[4.375,1.71875,4.90625,2.0],"tintindex":0,"rotation":0,"texture":"#0"},"north":{"uv":[4.375,1.40625,4.90625,1.6875],"tintindex":0,"rotation":0,"texture":"#0"},"west":{"uv":[5.78125,2.3125,6.0625,2.59375],"tintindex":0,"rotation":0,"texture":"#0"},"up":{"uv":[4.90625,2.3125,4.375,2.03125],"tintindex":0,"rotation":0,"texture":"#0"},"down":{"uv":[4.90625,2.34375,4.375,2.625],"tintindex":0,"rotation":0,"texture":"#0"}}},{"from":[-0.35000038,5.9,5.9],"to":[7.85,10.1,10.1],"faces":{"east":{"uv":[5.8125,0.53125,6.09375,0.8125],"tintindex":0,"rotation":0,"texture":"#0"},"south":{"uv":[4.4375,0.3125,4.96875,0.59375],"tintindex":0,"rotation":0,"texture":"#0"},"north":{"uv":[0.84375,4.40625,1.375,4.6875],"tintindex":0,"rotation":0,"texture":"#0"},"west":{"uv":[5.8125,0.84375,6.09375,1.125],"tintindex":0,"rotation":0,"texture":"#0"},"up":{"uv":[4.96875,2.9375,4.4375,2.65625],"tintindex":0,"rotation":0,"texture":"#0"},"down":{"uv":[0.53125,4.53125,0.0,4.8125],"tintindex":0,"rotation":0,"texture":"#0"}}},{"from":[-9.5,4.25,5.75],"to":[-0.5,11.75,10.75],"faces":{"east":{"uv":[2.09375,4.5625,2.40625,5.03125],"tintindex":0,"rotation":0,"texture":"#0"},"south":{"uv":[1.1875,2.25,1.75,2.71875],"tintindex":0,"rotation":0,"texture":"#0"},"north":{"uv":[0.59375,2.25,1.15625,2.71875],"tintindex":0,"rotation":0,"texture":"#0"},"west":{"uv":[2.4375,4.5625,2.75,5.03125],"tintindex":0,"rotation":0,"texture":"#0"},"up":{"uv":[3.71875,3.78125,3.15625,3.46875],"tintindex":0,"rotation":0,"texture":"#0"},"down":{"uv":[4.0625,0.0,3.5,0.3125],"tintindex":0,"rotation":0,"texture":"#0"}}}],"display":{"gui":{"rotation":[30,225,0]}}}