{"textures":{"0":"modelengine:entity/skeleton_boss"},"elements":[{"from":[-4.5931406,5.2,-10.748681],"to":[1.00686,10.8,2.85132],"faces":{"east":{"uv":[5.28125,6.40625,5.6875,6.5625],"tintindex":0,"rotation":0,"texture":"#0"},"south":{"uv":[7.3125,5.1875,7.46875,5.34375],"tintindex":0,"rotation":0,"texture":"#0"},"north":{"uv":[4.09375,7.3125,4.25,7.46875],"tintindex":0,"rotation":0,"texture":"#0"},"west":{"uv":[6.40625,6.0625,6.8125,6.21875],"tintindex":0,"rotation":0,"texture":"#0"},"up":{"uv":[0.15625,6.84375,0.0,6.4375],"tintindex":0,"rotation":0,"texture":"#0"},"down":{"uv":[0.34375,6.4375,0.1875,6.84375],"tintindex":0,"rotation":0,"texture":"#0"}},"rotation":{"origin":[3.20686,8.0,0.051320076],"angle":-22.5,"axis":"y"}},{"from":[-6.4361706,5.5,-5.27495],"to":[-1.4361706,10.5,2.72505],"faces":{"east":{"uv":[6.9375,3.6875,7.1875,3.84375],"tintindex":0,"rotation":0,"texture":"#0"},"south":{"uv":[6.4375,7.3125,6.59375,7.46875],"tintindex":0,"rotation":0,"texture":"#0"},"north":{"uv":[7.3125,6.375,7.46875,6.53125],"tintindex":0,"rotation":0,"texture":"#0"},"west":{"uv":[4.8125,6.9375,5.0625,7.09375],"tintindex":0,"rotation":0,"texture":"#0"},"up":{"uv":[2.8125,7.1875,2.65625,6.9375],"tintindex":0,"rotation":0,"texture":"#0"},"down":{"uv":[5.25,6.9375,5.09375,7.1875],"tintindex":0,"rotation":0,"texture":"#0"}},"rotation":{"origin":[1.0638299,8.0,5.22505],"angle":-22.5,"axis":"y"}},{"from":[-6.736171,5.2,2.42505],"to":[9.863831,10.8,8.02505],"faces":{"east":{"uv":[1.0,7.3125,1.15625,7.46875],"tintindex":0,"rotation":0,"texture":"#0"},"south":{"uv":[5.9375,1.15625,6.4375,1.3125],"tintindex":0,"rotation":0,"texture":"#0"},"north":{"uv":[5.9375,0.1875,6.4375,0.34375],"tintindex":0,"rotation":0,"texture":"#0"},"west":{"uv":[1.75,7.3125,1.90625,7.46875],"tintindex":0,"rotation":0,"texture":"#0"},"up":{"uv":[6.4375,1.5,5.9375,1.34375],"tintindex":0,"rotation":0,"texture":"#0"},"down":{"uv":[6.4375,1.53125,5.9375,1.6875],"tintindex":0,"rotation":0,"texture":"#0"}},"rotation":{"origin":[1.0638299,8.0,5.22505],"angle":-22.5,"axis":"y"}},{"from":[-6.4361706,5.5,2.72505],"to":[9.56383,10.5,7.72505],"faces":{"east":{"uv":[7.3125,5.8125,7.46875,5.96875],"tintindex":0,"rotation":0,"texture":"#0"},"south":{"uv":[5.9375,4.34375,6.4375,4.5],"tintindex":0,"rotation":0,"texture":"#0"},"north":{"uv":[5.9375,1.71875,6.4375,1.875],"tintindex":0,"rotation":0,"texture":"#0"},"west":{"uv":[6.25,7.3125,6.40625,7.46875],"tintindex":0,"rotation":0,"texture":"#0"},"up":{"uv":[6.4375,4.6875,5.9375,4.53125],"tintindex":0,"rotation":0,"texture":"#0"},"down":{"uv":[6.4375,4.71875,5.9375,4.875],"tintindex":0,"rotation":0,"texture":"#0"}},"rotation":{"origin":[1.0638299,8.0,5.22505],"angle":-22.5,"axis":"y"}},{"from":[3.83131,5.2,-9.948161],"to":[9.431311,10.8,-3.34816],"faces":{"east":{"uv":[4.4375,7.1875,4.625,7.34375],"tintindex":0,"rotation":0,"texture":"#0"},"south":{"uv":[5.625,7.3125,5.78125,7.46875],"tintindex":0,"rotation":0,"texture":"#0"},"north":{"uv":[5.4375,7.3125,5.59375,7.46875],"tintindex":0,"rotation":0,"texture":"#0"},"west":{"uv":[7.1875,6.84375,7.375,7.0],"tintindex":0,"rotation":0,"texture":"#0"},"up":{"uv":[6.21875,7.375,6.0625,7.1875],"tintindex":0,"rotation":0,"texture":"#0"},"down":{"uv":[1.71875,7.21875,1.5625,7.40625],"tintindex":0,"rotation":0,"texture":"#0"}},"rotation":{"origin":[6.63131,8.0,-6.648161],"angle":-22.5,"axis":"y"}},{"from":[-6.4361706,5.5,-10.27495],"to":[2.56383,10.5,-5.27495],"faces":{"east":{"uv":[6.625,7.3125,6.78125,7.46875],"tintindex":0,"rotation":0,"texture":"#0"},"south":{"uv":[6.75,4.34375,7.03125,4.5],"tintindex":0,"rotation":0,"texture":"#0"},"north":{"uv":[6.75,2.625,7.03125,2.78125],"tintindex":0,"rotation":0,"texture":"#0"},"west":{"uv":[7.34375,0.125,7.5,0.28125],"tintindex":0,"rotation":0,"texture":"#0"},"up":{"uv":[7.03125,4.6875,6.75,4.53125],"tintindex":0,"rotation":0,"texture":"#0"},"down":{"uv":[7.0625,0.75,6.78125,0.90625],"tintindex":0,"rotation":0,"texture":"#0"}},"rotation":{"origin":[1.0638299,8.0,5.22505],"angle":-22.5,"axis":"y"}}],"display":{"gui":{"rotation":[30,225,0]}}}