{"textures":{"0":"modelengine:entity/skeleton_boss"},"elements":[{"from":[-9.532499,7.233059,2.5],"to":[-5.5325003,12.233059,12.5],"faces":{"east":{"uv":[6.59375,3.8125,6.90625,3.96875],"tintindex":0,"rotation":0,"texture":"#0"},"south":{"uv":[0.34375,7.46875,0.46875,7.625],"tintindex":0,"rotation":0,"texture":"#0"},"north":{"uv":[0.1875,7.46875,0.3125,7.625],"tintindex":0,"rotation":0,"texture":"#0"},"west":{"uv":[6.625,0.0,6.9375,0.15625],"tintindex":0,"rotation":0,"texture":"#0"},"up":{"uv":[4.03125,7.21875,3.90625,6.90625],"tintindex":0,"rotation":0,"texture":"#0"},"down":{"uv":[4.1875,6.90625,4.0625,7.21875],"tintindex":0,"rotation":0,"texture":"#0"}},"rotation":{"origin":[0.4675002,9.733059,15.0],"angle":22.5,"axis":"z"}},{"from":[-5.12593,6.397311,-2.4000003],"to":[3.4740698,11.997312,3.2],"faces":{"east":{"uv":[5.0625,7.21875,5.21875,7.375],"tintindex":0,"rotation":0,"texture":"#0"},"south":{"uv":[4.21875,6.90625,4.46875,7.0625],"tintindex":0,"rotation":0,"texture":"#0"},"north":{"uv":[6.90625,1.84375,7.15625,2.0],"tintindex":0,"rotation":0,"texture":"#0"},"west":{"uv":[7.25,0.53125,7.40625,0.6875],"tintindex":0,"rotation":0,"texture":"#0"},"up":{"uv":[6.03125,7.0625,5.78125,6.90625],"tintindex":0,"rotation":0,"texture":"#0"},"down":{"uv":[6.65625,6.90625,6.40625,7.0625],"tintindex":0,"rotation":0,"texture":"#0"}},"rotation":{"origin":[-0.82592964,9.197311,0.39999962],"angle":22.5,"axis":"z"}},{"from":[-2.20205,0.7799904,0.5999996],"to":[2.39795,4.3799906,5.2000003],"faces":{"east":{"uv":[3.71875,7.59375,3.84375,7.6875],"tintindex":0,"rotation":0,"texture":"#0"},"south":{"uv":[4.4375,7.59375,4.5625,7.6875],"tintindex":0,"rotation":0,"texture":"#0"},"north":{"uv":[3.34375,7.59375,3.46875,7.6875],"tintindex":0,"rotation":0,"texture":"#0"},"west":{"uv":[4.875,7.59375,5.0,7.6875],"tintindex":0,"rotation":0,"texture":"#0"},"up":{"uv":[3.0,7.65625,2.875,7.53125],"tintindex":0,"rotation":0,"texture":"#0"},"down":{"uv":[3.15625,7.53125,3.03125,7.65625],"tintindex":0,"rotation":0,"texture":"#0"}},"rotation":{"origin":[0.09794998,2.5799904,2.9],"angle":22.5,"axis":"z"}},{"from":[-9.532499,7.233059,-1.5],"to":[2.4675002,12.233059,2.5],"faces":{"east":{"uv":[0.5,7.46875,0.625,7.625],"tintindex":0,"rotation":0,"texture":"#0"},"south":{"uv":[6.46875,1.5,6.84375,1.65625],"tintindex":0,"rotation":0,"texture":"#0"},"north":{"uv":[6.46875,1.3125,6.84375,1.46875],"tintindex":0,"rotation":0,"texture":"#0"},"west":{"uv":[0.65625,7.46875,0.78125,7.625],"tintindex":0,"rotation":0,"texture":"#0"},"up":{"uv":[7.0625,6.53125,6.6875,6.40625],"tintindex":0,"rotation":0,"texture":"#0"},"down":{"uv":[7.0625,6.5625,6.6875,6.6875],"tintindex":0,"rotation":0,"texture":"#0"}},"rotation":{"origin":[0.4675002,9.733059,15.0],"angle":22.5,"axis":"z"}},{"from":[-5.5325003,1.2330608,11.5],"to":[6.4674997,4.233061,14.5],"faces":{"east":{"uv":[7.625,3.25,7.71875,3.34375],"tintindex":0,"rotation":0,"texture":"#0"},"south":{"uv":[7.03125,6.71875,7.40625,6.8125],"tintindex":0,"rotation":0,"texture":"#0"},"north":{"uv":[7.03125,6.25,7.40625,6.34375],"tintindex":0,"rotation":0,"texture":"#0"},"west":{"uv":[7.625,3.375,7.71875,3.46875],"tintindex":0,"rotation":0,"texture":"#0"},"up":{"uv":[7.4375,2.6875,7.0625,2.59375],"tintindex":0,"rotation":0,"texture":"#0"},"down":{"uv":[7.4375,4.0,7.0625,4.09375],"tintindex":0,"rotation":0,"texture":"#0"}},"rotation":{"origin":[0.4675002,2.7330608,13.0],"angle":22.5,"axis":"z"}},{"from":[-9.223531,3.8716004,-2.4000003],"to":[-4.6235294,9.471601,12.2],"faces":{"east":{"uv":[3.96875,6.25,4.40625,6.40625],"tintindex":0,"rotation":0,"texture":"#0"},"south":{"uv":[7.46875,3.34375,7.59375,3.5],"tintindex":0,"rotation":0,"texture":"#0"},"north":{"uv":[7.46875,2.5,7.59375,2.65625],"tintindex":0,"rotation":0,"texture":"#0"},"west":{"uv":[4.4375,6.25,4.875,6.40625],"tintindex":0,"rotation":0,"texture":"#0"},"up":{"uv":[5.25,6.90625,5.125,6.46875],"tintindex":0,"rotation":0,"texture":"#0"},"down":{"uv":[6.375,6.46875,6.25,6.90625],"tintindex":0,"rotation":0,"texture":"#0"}},"rotation":{"origin":[-6.9235296,6.6716003,4.9],"angle":22.5,"axis":"z"}},{"from":[-5.8325005,0.9330608,11.2],"to":[6.7675,4.533061,14.8],"faces":{"east":{"uv":[3.875,7.625,3.96875,7.71875],"tintindex":0,"rotation":0,"texture":"#0"},"south":{"uv":[7.0625,4.25,7.4375,4.34375],"tintindex":0,"rotation":0,"texture":"#0"},"north":{"uv":[7.0625,4.125,7.4375,4.21875],"tintindex":0,"rotation":0,"texture":"#0"},"west":{"uv":[7.625,4.0,7.71875,4.09375],"tintindex":0,"rotation":0,"texture":"#0"},"up":{"uv":[7.4375,4.46875,7.0625,4.375],"tintindex":0,"rotation":0,"texture":"#0"},"down":{"uv":[7.4375,4.5,7.0625,4.59375],"tintindex":0,"rotation":0,"texture":"#0"}},"rotation":{"origin":[0.4675002,2.7330608,13.0],"angle":22.5,"axis":"z"}},{"from":[-10.136981,8.463801,12.2],"to":[5.4630203,14.063802,16.8],"faces":{"east":{"uv":[0.8125,7.46875,0.9375,7.625],"tintindex":0,"rotation":0,"texture":"#0"},"south":{"uv":[6.09375,2.21875,6.5625,2.375],"tintindex":0,"rotation":0,"texture":"#0"},"north":{"uv":[5.90625,6.0625,6.375,6.21875],"tintindex":0,"rotation":0,"texture":"#0"},"west":{"uv":[1.34375,7.46875,1.46875,7.625],"tintindex":0,"rotation":0,"texture":"#0"},"up":{"uv":[6.9375,1.8125,6.46875,1.6875],"tintindex":0,"rotation":0,"texture":"#0"},"down":{"uv":[2.34375,6.46875,1.875,6.59375],"tintindex":0,"rotation":0,"texture":"#0"}},"rotation":{"origin":[4.16302,11.263802,15.0],"angle":22.5,"axis":"z"}},{"from":[-5.4899597,-0.78900987,0.5999996],"to":[-1.8899596,2.81099,11.2],"faces":{"east":{"uv":[7.09375,0.75,7.40625,0.84375],"tintindex":0,"rotation":0,"texture":"#0"},"south":{"uv":[7.625,4.25,7.71875,4.34375],"tintindex":0,"rotation":0,"texture":"#0"},"north":{"uv":[7.625,4.125,7.71875,4.21875],"tintindex":0,"rotation":0,"texture":"#0"},"west":{"uv":[7.09375,5.5,7.40625,5.59375],"tintindex":0,"rotation":0,"texture":"#0"},"up":{"uv":[1.53125,7.4375,1.4375,7.125],"tintindex":0,"rotation":0,"texture":"#0"},"down":{"uv":[3.71875,7.15625,3.625,7.46875],"tintindex":0,"rotation":0,"texture":"#0"}},"rotation":{"origin":[-3.6899595,1.0109901,5.9],"angle":22.5,"axis":"z"}},{"from":[-5.26608,-0.10633087,4.5],"to":[-2.26608,2.8936691,11.5],"faces":{"east":{"uv":[7.4375,0.53125,7.65625,0.625],"tintindex":0,"rotation":0,"texture":"#0"},"south":{"uv":[7.625,3.125,7.71875,3.21875],"tintindex":0,"rotation":0,"texture":"#0"},"north":{"uv":[7.625,3.0,7.71875,3.09375],"tintindex":0,"rotation":0,"texture":"#0"},"west":{"uv":[7.4375,0.65625,7.65625,0.75],"tintindex":0,"rotation":0,"texture":"#0"},"up":{"uv":[2.4375,5.5,2.34375,5.28125],"tintindex":0,"rotation":0,"texture":"#0"},"down":{"uv":[5.90625,7.3125,5.8125,7.53125],"tintindex":0,"rotation":0,"texture":"#0"}},"rotation":{"origin":[-2.76608,1.3936691,8.0],"angle":22.5,"axis":"z"}},{"from":[-9.836981,8.763802,12.5],"to":[5.16302,13.763802,16.5],"faces":{"east":{"uv":[3.90625,7.4375,4.03125,7.59375],"tintindex":0,"rotation":0,"texture":"#0"},"south":{"uv":[4.0,6.0625,4.46875,6.21875],"tintindex":0,"rotation":0,"texture":"#0"},"north":{"uv":[1.5,6.0625,1.96875,6.21875],"tintindex":0,"rotation":0,"texture":"#0"},"west":{"uv":[4.71875,7.4375,4.84375,7.59375],"tintindex":0,"rotation":0,"texture":"#0"},"up":{"uv":[1.09375,6.59375,0.625,6.46875],"tintindex":0,"rotation":0,"texture":"#0"},"down":{"uv":[6.9375,1.15625,6.46875,1.28125],"tintindex":0,"rotation":0,"texture":"#0"}},"rotation":{"origin":[4.16302,11.263802,15.0],"angle":22.5,"axis":"z"}},{"from":[-5.49444,1.0417194,1.5],"to":[1.5055599,4.0417194,4.5],"faces":{"east":{"uv":[7.625,2.75,7.71875,2.84375],"tintindex":0,"rotation":0,"texture":"#0"},"south":{"uv":[7.40625,6.84375,7.625,6.9375],"tintindex":0,"rotation":0,"texture":"#0"},"north":{"uv":[7.40625,3.6875,7.625,3.78125],"tintindex":0,"rotation":0,"texture":"#0"},"west":{"uv":[7.625,2.875,7.71875,2.96875],"tintindex":0,"rotation":0,"texture":"#0"},"up":{"uv":[7.28125,7.5,7.0625,7.40625],"tintindex":0,"rotation":0,"texture":"#0"},"down":{"uv":[7.53125,7.40625,7.3125,7.5],