{"textures":{"0":"modelengine:entity/skeleton_boss"},"elements":[{"from":[-9.5,5.75,5.75],"to":[2.0,10.25,10.25],"faces":{"east":{"uv":[5.28125,5.6875,5.5625,5.96875],"tintindex":0,"rotation":0,"texture":"#0"},"south":{"uv":[2.25,3.15625,2.96875,3.4375],"tintindex":0,"rotation":0,"texture":"#0"},"north":{"uv":[0.75,3.0625,1.46875,3.34375],"tintindex":0,"rotation":0,"texture":"#0"},"west":{"uv":[5.59375,5.6875,5.875,5.96875],"tintindex":0,"rotation":0,"texture":"#0"},"up":{"uv":[3.71875,3.4375,3.0,3.15625],"tintindex":0,"rotation":0,"texture":"#0"},"down":{"uv":[3.9375,1.5625,3.21875,1.84375],"tintindex":0,"rotation":0,"texture":"#0"}}},{"from":[-9.35,5.9,5.9],"to":[1.8499999,10.1,10.1],"faces":{"east":{"uv":[0.3125,5.71875,0.59375,6.0],"tintindex":0,"rotation":0,"texture":"#0"},"south":{"uv":[3.21875,2.1875,3.9375,2.46875],"tintindex":0,"rotation":0,"texture":"#0"},"north":{"uv":[3.21875,1.875,3.9375,2.15625],"tintindex":0,"rotation":0,"texture":"#0"},"west":{"uv":[1.40625,5.75,1.6875,6.03125],"tintindex":0,"rotation":0,"texture":"#0"},"up":{"uv":[3.9375,2.78125,3.21875,2.5],"tintindex":0,"rotation":0,"texture":"#0"},"down":{"uv":[3.9375,2.8125,3.21875,3.09375],"tintindex":0,"rotation":0,"texture":"#0"}}},{"from":[2.0,4.75,5.75],"to":[8.0,11.25,12.25],"faces":{"east":{"uv":[2.21875,3.8125,2.625,4.21875],"tintindex":0,"rotation":0,"texture":"#0"},"south":{"uv":[3.96875,2.375,4.34375,2.78125],"tintindex":0,"rotation":0,"texture":"#0"},"north":{"uv":[3.96875,1.9375,4.34375,2.34375],"tintindex":0,"rotation":0,"texture":"#0"},"west":{"uv":[2.65625,3.8125,3.0625,4.21875],"tintindex":0,"rotation":0,"texture":"#0"},"up":{"uv":[4.40625,0.75,4.03125,0.34375],"tintindex":0,"rotation":0,"texture":"#0"},"down":{"uv":[4.40625,2.8125,4.03125,3.21875],"tintindex":0,"rotation":0,"texture":"#0"}}}],"display":{"gui":{"rotation":[30,225,0]}}}