{"textures":{"0":"modelengine:entity/skeleton_boss"},"elements":[{"from":[16.5,4.25,5.75],"to":[25.5,11.75,10.75],"faces":{"east":{"uv":[1.40625,4.5,1.71875,4.96875],"tintindex":0,"rotation":0,"texture":"#0"},"south":{"uv":[0.0,2.25,0.5625,2.71875],"tintindex":0,"rotation":0,"texture":"#0"},"north":{"uv":[2.0625,2.21875,2.625,2.6875],"tintindex":0,"rotation":0,"texture":"#0"},"west":{"uv":[1.75,4.5625,2.0625,5.03125],"tintindex":0,"rotation":0,"texture":"#0"},"up":{"uv":[2.53125,3.78125,1.96875,3.46875],"tintindex":0,"rotation":0,"texture":"#0"},"down":{"uv":[3.125,3.46875,2.5625,3.78125],"tintindex":0,"rotation":0,"texture":"#0"}}},{"from":[8.0,5.75,5.75],"to":[16.5,10.25,10.25],"faces":{"east":{"uv":[1.09375,5.65625,1.375,5.9375],"tintindex":0,"rotation":0,"texture":"#0"},"south":{"uv":[1.78125,4.25,2.3125,4.53125],"tintindex":0,"rotation":0,"texture":"#0"},"north":{"uv":[4.1875,1.09375,4.71875,1.375],"tintindex":0,"rotation":0,"texture":"#0"},"west":{"uv":[5.65625,2.90625,5.9375,3.1875],"tintindex":0,"rotation":0,"texture":"#0"},"up":{"uv":[2.875,4.53125,2.34375,4.25],"tintindex":0,"rotation":0,"texture":"#0"},"down":{"uv":[3.4375,4.25,2.90625,4.53125],"tintindex":0,"rotation":0,"texture":"#0"}}},{"from":[8.15,5.9,5.9],"to":[16.35,10.1,10.1],"faces":{"east":{"uv":[5.65625,4.03125,5.9375,4.3125],"tintindex":0,"rotation":0,"texture":"#0"},"south":{"uv":[4.03125,4.28125,4.5625,4.5625],"tintindex":0,"rotation":0,"texture":"#0"},"north":{"uv":[3.46875,4.28125,4.0,4.5625],"tintindex":0,"rotation":0,"texture":"#0"},"west":{"uv":[4.96875,5.6875,5.25,5.96875],"tintindex":0,"rotation":0,"texture":"#0"},"up":{"uv":[4.84375,3.84375,4.3125,3.5625],"tintindex":0,"rotation":0,"texture":"#0"},"down":{"uv":[4.84375,3.875,4.3125,4.15625],"tintindex":0,"rotation":0,"texture":"#0"}}}],"display":{"gui":{"rotation":[30,225,0]}}}