{"textures":{"0":"modelengine:entity/nocsy_icebear_boss"},"elements":[{"from":[4.687335,1.6477852,-9.401897],"to":[19.687336,13.647785,6.5981026],"faces":{"east":{"uv":[5.4375,5.5625,5.9375,5.9375],"tintindex":0,"rotation":0,"texture":"#0"},"south":{"uv":[0.0,5.8125,0.46875,6.1875],"tintindex":0,"rotation":0,"texture":"#0"},"north":{"uv":[5.78125,0.40625,6.25,0.78125],"tintindex":0,"rotation":0,"texture":"#0"},"west":{"uv":[2.03125,5.59375,2.53125,5.96875],"tintindex":0,"rotation":0,"texture":"#0"},"up":{"uv":[1.71875,5.40625,1.25,4.90625],"tintindex":0,"rotation":0,"texture":"#0"},"down":{"uv":[5.375,2.15625,4.90625,2.65625],"tintindex":0,"rotation":0,"texture":"#0"}},"rotation":{"origin":[7.9873347,10.147785,-1.4018974],"angle":-22.5,"axis":"y"}},{"from":[5.1329956,13.099998,-6.5],"to":[27.132996,28.099998,15.5],"faces":{"east":{"uv":[2.625,1.21875,3.3125,1.6875],"tintindex":0,"rotation":0,"texture":"#0"},"south":{"uv":[2.84375,0.0,3.53125,0.46875],"tintindex":0,"rotation":0,"texture":"#0"},"north":{"uv":[2.59375,2.03125,3.28125,2.5],"tintindex":0,"rotation":0,"texture":"#0"},"west":{"uv":[3.0,2.53125,3.6875,3.0],"tintindex":0,"rotation":0,"texture":"#0"},"up":{"uv":[1.875,1.65625,1.1875,0.96875],"tintindex":0,"rotation":0,"texture":"#0"},"down":{"uv":[2.125,0.0,1.4375,0.6875],"tintindex":0,"rotation":0,"texture":"#0"}},"rotation":{"origin":[12.632996,22.099998,-0.5],"angle":-22.5,"axis":"z"}},{"from":[4.980755,7.647785,-9.476772],"to":[23.980755,23.647785,3.5232286],"faces":{"east":{"uv":[1.59375,5.53125,2.0,6.03125],"tintindex":0,"rotation":0,"texture":"#0"},"south":{"uv":[3.71875,3.0,4.3125,3.5],"tintindex":0,"rotation":0,"texture":"#0"},"north":{"uv":[3.71875,2.46875,4.3125,2.96875],"tintindex":0,"rotation":0,"texture":"#0"},"west":{"uv":[2.75,5.53125,3.15625,6.03125],"tintindex":0,"rotation":0,"texture":"#0"},"up":{"uv":[5.46875,4.15625,4.875,3.75],"tintindex":0,"rotation":0,"texture":"#0"},"down":{"uv":[5.46875,4.1875,4.875,4.59375],"tintindex":0,"rotation":0,"texture":"#0"}},"rotation":{"origin":[14.480755,26.647785,-3.4767714],"angle":-22.5,"axis":"y"}},{"from":[-11.132996,13.099998,-6.5],"to":[10.867004,28.099998,15.5],"faces":{"east":{"uv":[0.0,3.0625,0.6875,3.53125],"tintindex":0,"rotation":0,"texture":"#0"},"south":{"uv":[0.71875,3.09375,1.40625,3.5625],"tintindex":0,"rotation":0,"texture":"#0"},"north":{"uv":[3.0,3.03125,3.6875,3.5],"tintindex":0,"rotation":0,"texture":"#0"},"west":{"uv":[1.4375,3.09375,2.125,3.5625],"tintindex":0,"rotation":0,"texture":"#0"},"up":{"uv":[1.875,2.375,1.1875,1.6875],"tintindex":0,"rotation":0,"texture":"#0"},"down":{"uv":[2.59375,0.71875,1.90625,1.40625],"tintindex":0,"rotation":0,"texture":"#0"}},"rotation":{"origin":[3.367004,22.099998,-0.5],"angle":22.5,"axis":"z"}},{"from":[-3.687335,1.6477852,-9.401897],"to":[11.312665,13.647785,6.5981026],"faces":{"east":{"uv":[3.1875,5.625,3.6875,6.0],"tintindex":0,"rotation":0,"texture":"#0"},"south":{"uv":[5.84375,1.34375,6.3125,1.71875],"tintindex":0,"rotation":0,"texture":"#0"},"north":{"uv":[0.5,5.8125,0.96875,6.1875],"tintindex":0,"rotation":0,"texture":"#0"},"west":{"uv":[3.71875,5.625,4.21875,6.0],"tintindex":0,"rotation":0,"texture":"#0"},"up":{"uv":[2.21875,5.5,1.75,5.0],"tintindex":0,"rotation":0,"texture":"#0"},"down":{"uv":[2.71875,5.0625,2.25,5.5625],"tintindex":0,"rotation":0,"texture":"#0"}},"rotation":{"origin":[8.012665,10.147785,-1.4018974],"angle":22.5,"axis":"y"}},{"from":[-7.980755,7.647785,-9.476772],"to":[11.019245,23.647785,3.5232286],"faces":{"east":{"uv":[4.5625,5.5625,4.96875,6.0625],"tintindex":0,"rotation":0,"texture":"#0"},"south":{"uv":[2.75,3.90625,3.34375,4.40625],"tintindex":0,"rotation":0,"texture":"#0"},"north":{"uv":[2.125,3.90625,2.71875,4.40625],"tintindex":0,"rotation":0,"texture":"#0"},"west":{"uv":[5.0,5.5625,5.40625,6.0625],"tintindex":0,"rotation":0,"texture":"#0"},"up":{"uv":[0.59375,5.3125,0.0,4.90625],"tintindex":0,"rotation":0,"texture":"#0"},"down":{"uv":[1.21875,4.90625,0.625,5.3125],"tintindex":0,"rotation":0,"texture":"#0"}},"rotation":{"origin":[1.5192451,26.647785,-3.4767714],"angle":22.5,"axis":"y"}}],"display":{"gui":{"rotation":[30,225,0]}}}