{"textures":{"0":"modelengine:entity/nocsy_icebear_boss"},"elements":[{"from":[-3.0,14.08754,-2.703846],"to":[6.0,18.08754,1.296154],"faces":{"east":{"uv":[4.25,6.34375,4.375,6.46875],"tintindex":0,"rotation":0,"texture":"#0"},"south":{"uv":[7.3125,4.28125,7.59375,4.40625],"tintindex":0,"rotation":0,"texture":"#0"},"north":{"uv":[1.28125,5.90625,1.5625,6.03125],"tintindex":0,"rotation":0,"texture":"#0"},"west":{"uv":[6.6875,5.65625,6.8125,5.78125],"tintindex":0,"rotation":0,"texture":"#0"},"up":{"uv":[7.625,4.0,7.34375,3.875],"tintindex":0,"rotation":0,"texture":"#0"},"down":{"uv":[7.625,5.375,7.34375,5.5],"tintindex":0,"rotation":0,"texture":"#0"}},"rotation":{"origin":[8.0,14.08754,6.796154],"angle":-22.5,"axis":"z"}},{"from":[-3.6499996,15.997536,6.206154],"to":[2.35,21.997536,8.206154],"faces":{"east":{"uv":[3.09375,6.0625,3.15625,6.25],"tintindex":0,"rotation":0,"texture":"#0"},"south":{"uv":[7.46875,2.6875,7.65625,2.875],"tintindex":0,"rotation":0,"texture":"#0"},"north":{"uv":[2.1875,7.46875,2.375,7.65625],"tintindex":0,"rotation":0,"texture":"#0"},"west":{"uv":[3.09375,6.28125,3.15625,6.46875],"tintindex":0,"rotation":0,"texture":"#0"},"up":{"uv":[3.53125,1.6875,3.34375,1.625],"tintindex":0,"rotation":0,"texture":"#0"},"down":{"uv":[3.75,0.375,3.5625,0.4375],"tintindex":0,"rotation":0,"texture":"#0"}},"rotation":{"origin":[-1.04,19.51754,5.0761538],"angle":-22.5,"axis":"z"}},{"from":[5.5,11.042534,-11.873846],"to":[10.5,16.042534,-6.873846],"faces":{"east":{"uv":[5.25,0.875,5.40625,1.03125],"tintindex":0,"rotation":0,"texture":"#0"},"south":{"uv":[2.40625,7.15625,2.5625,7.3125],"tintindex":0,"rotation":0,"texture":"#0"},"north":{"uv":[4.0625,0.65625,4.21875,0.8125],"tintindex":0,"rotation":0,"texture":"#0"},"west":{"uv":[6.03125,7.5,6.1875,7.65625],"tintindex":0,"rotation":0,"texture":"#0"},"up":{"uv":[6.375,7.65625,6.21875,7.5],"tintindex":0,"rotation":0,"texture":"#0"},"down":{"uv":[7.65625,6.46875,7.5,6.625],"tintindex":0,"rotation":0,"texture":"#0"}}},{"from":[0.0,7.087536,-1.703846],"to":[16.0,21.08754,15.296154],"faces":{"east":{"uv":[2.75,5.0625,3.28125,5.5],"tintindex":0,"rotation":0,"texture":"#0"},"south":{"uv":[5.40625,2.375,5.90625,2.8125],"tintindex":0,"rotation":0,"texture":"#0"},"north":{"uv":[5.40625,1.90625,5.90625,2.34375],"tintindex":0,"rotation":0,"texture":"#0"},"west":{"uv":[4.8125,5.09375,5.34375,5.53125],"tintindex":0,"rotation":0,"texture":"#0"},"up":{"uv":[4.84375,3.40625,4.34375,2.875],"tintindex":0,"rotation":0,"texture":"#0"},"down":{"uv":[2.375,4.4375,1.875,4.96875],"tintindex":0,"rotation":0,"texture":"#0"}}},{"from":[4.7683716E-7,20.573189,10.327913],"to":[16.0,20.573189,24.327913],"faces":{"up":{"uv":[5.9375,5.0625,5.4375,4.625],"tintindex":0,"rotation":0,"texture":"#0"},"down":{"uv":[6.0,2.84375,5.5,3.28125],"tintindex":0,"rotation":0,"texture":"#0"}},"rotation":{"origin":[8.0,17.873184,8.827913],"angle":-22.5,"axis":"x"}},{"from":[19.861773,4.087536,0.71059704],"to":[19.861773,21.087532,17.710598],"faces":{"east":{"uv":[4.25,1.0625,4.78125,1.59375],"tintindex":0,"rotation":0,"texture":"#0"},"west":{"uv":[4.78125,1.0625,4.25,1.59375],"tintindex":0,"rotation":0,"texture":"#0"}},"rotation":{"origin":[11.861773,14.087532,9.210597],"angle":22.5,"axis":"y"}},{"from":[-3.8617725,4.087536,0.71059704],"to":[-3.8617725,21.087532,17.710598],"faces":{"east":{"uv":[4.875,2.3125,4.34375,2.84375],"tintindex":0,"rotation":0,"texture":"#0"},"west":{"uv":[4.34375,2.3125,4.875,2.84375],"tintindex":0,"rotation":0,"texture":"#0"}},"rotation":{"origin":[4.1382275,14.087532,9.210597],"angle":-22.5,"axis":"y"}},{"from":[3.5,7.087536,-10.743847],"to":[12.5,15.08754,-0.74384594],"faces":{"east":{"uv":[6.65625,4.21875,6.96875,4.46875],"tintindex":0,"rotation":0,"texture":"#0"},"south":{"uv":[6.71875,6.34375,7.0,6.59375],"tintindex":0,"rotation":0,"texture":"#0"},"north":{"uv":[6.71875,3.09375,7.0,3.34375],"tintindex":0,"rotation":0,"texture":"#0"},"west":{"uv":[0.375,6.6875,0.6875,6.9375],"tintindex":0,"rotation":0,"texture":"#0"},"up":{"uv":[3.0,6.84375,2.71875,6.53125],"tintindex":0,"rotation":0,"texture":"#0"},"down":{"uv":[6.84375,5.8125,6.5625,6.125],"tintindex":0,"rotation":0,"texture":"#0"}}},{"from":[13.65,15.997536,6.206154],"to":[19.65,21.997536,8.206154],"faces":{"east":{"uv":[4.59375,7.25,4.65625,7.4375],"tintindex":0,"rotation":0,"texture":"#0"},"south":{"uv":[7.5,0.21875,7.6875,0.40625],"tintindex":0,"rotation":0,"texture":"#0"},"north":{"uv":[4.59375,7.46875,4.78125,7.65625],"tintindex":0,"rotation":0,"texture":"#0"},"west":{"uv":[4.8125,7.46875,4.875,7.65625],"tintindex":0,"rotation":0,"texture":"#0"},"up":{"uv":[3.75,1.6875,3.5625,1.625],"tintindex":0,"rotation":0,"texture":"#0"},"down":{"uv":[3.96875,0.375,3.78125,0.4375],"tintindex":0,"rotation":0,"texture":"#0"}},"rotation":{"origin":[17.04,19.51754,5.0761538],"angle":22.5,"axis":"z"}},{"from":[4.7683716E-7,24.873184,0.32791376],"to":[16.0,24.873184,14.327913],"faces":{"up":{"uv":[5.9375,1.3125,5.4375,0.875],"tintindex":0,"rotation":0,"texture":"#0"},"down":{"uv":[1.5625,5.4375,1.0625,5.875],"tintindex":0,"rotation":0,"texture":"#0"}},"rotation":{"origin":[8.0,17.873184,8.827913],"angle":-22.5,"axis":"x"}},{"from":[3.0000005,7.367569,11.970346],"to":[13.0,17.367569,27.970346],"faces":{"east":{"uv":[5.875,0.0,6.375,0.3125],"tintindex":0,"rotation":0,"texture":"#0"},"south":{"uv":[2.03125,6.46875,2.34375,6.78125],"tintindex":0,"rotation":0,"texture":"#0"},"north":{"uv":[3.96875,3.53125,4.28125,3.84375],"tintindex":0,"rotation":0,"texture":"#0"},"west":{"uv":[5.90625,5.09375,6.40625,5.40625],"tintindex":0,"rotation":0,"texture":"#0"},"up":{"uv":[5.75,6.46875,5.4375,5.96875],"tintindex":0,"rotation":0,"texture":"#0"},"down":{"uv":[6.28125,5.4375,5.96875,5.9375],"tintindex":0,"rotation":0,"texture":"#0"}},"rotation":{"origin":[8.0,11.367569,20.470345],"angle":22.5,"axis":"x"}},{"from":[10.0,14.08754,-2.703846],"to":[19.0,18.08754,1.296154],"faces":{"east":{"uv":[7.1875,0.4375,7.3125,0.5625],"tintindex":0,"rotation":0,"texture":"#0"},"south":{"uv":[7.46875,1.90625,7.75,2.03125],"tintindex":0,"rotation":0,"texture":"#0"},"north":{"uv":[7.4375,1.75,7.71875,1.875],"tintindex":0,"rotation":0,"texture":"#0"},"west":{"uv":[7.1875,3.65625,7.3125,3.78125],"tintindex":0,"rotation":0,"texture":"#0"},"up":{"uv":[7.75,2.1875,7.46875,2.0625],"tintindex":0,"rotation":0,"texture":"#0"},"down":{"uv":[7.75,2.21875,7.46875,2.34375],"tintindex":0,"rotation":0,"texture":"#0"}},"rotation":{"origin":[8.0,14.08754,6.796154],"angle":22.5,"axis":"z"}}],"display":{"gui":{"rotation":[30,225,0]}}}