{"textures":{"0":"modelengine:entity/nocsy_icebear_boss"},"elements":[{"from":[-2.202221,-1.6684456,-2.7053852],"to":[3.797779,4.3315544,8.294615],"faces":{"east":{"uv":[6.90625,4.5,7.25,4.6875],"tintindex":0,"rotation":0,"texture":"#0"},"south":{"uv":[7.4375,1.3125,7.625,1.5],"tintindex":0,"rotation":0,"texture":"#0"},"north":{"uv":[7.3125,7.40625,7.5,7.59375],"tintindex":0,"rotation":0,"texture":"#0"},"west":{"uv":[6.90625,4.71875,7.25,4.90625],"tintindex":0,"rotation":0,"texture":"#0"},"up":{"uv":[0.40625,7.3125,0.21875,6.96875],"tintindex":0,"rotation":0,"texture":"#0"},"down":{"uv":[7.15625,0.21875,6.96875,0.5625],"tintindex":0,"rotation":0,"texture":"#0"}}},{"from":[-2.202221,10.331554,-2.7053852],"to":[3.797779,16.331554,8.294615],"faces":{"east":{"uv":[2.59375,6.875,2.9375,7.0625],"tintindex":0,"rotation":0,"texture":"#0"},"south":{"uv":[7.40625,1.09375,7.59375,1.28125],"tintindex":0,"rotation":0,"texture":"#0"},"north":{"uv":[7.40625,0.875,7.59375,1.0625],"tintindex":0,"rotation":0,"texture":"#0"},"west":{"uv":[6.875,5.65625,7.21875,5.84375],"tintindex":0,"rotation":0,"texture":"#0"},"up":{"uv":[6.34375,7.21875,6.15625,6.875],"tintindex":0,"rotation":0,"texture":"#0"},"down":{"uv":[6.5625,6.875,6.375,7.21875],"tintindex":0,"rotation":0,"texture":"#0"}}},{"from":[-0.7018144,4.321554,-9.983152],"to":[5.318186,10.341555,1.0368478],"faces":{"east":{"uv":[1.5,6.96875,1.84375,7.15625],"tintindex":0,"rotation":0,"texture":"#0"},"south":{"uv":[7.4375,3.15625,7.625,3.34375],"tintindex":0,"rotation":0,"texture":"#0"},"north":{"uv":[7.4375,1.53125,7.625,1.71875],"tintindex":0,"rotation":0,"texture":"#0"},"west":{"uv":[2.96875,6.96875,3.3125,7.15625],"tintindex":0,"rotation":0,"texture":"#0"},"up":{"uv":[0.625,7.3125,0.4375,6.96875],"tintindex":0,"rotation":0,"texture":"#0"},"down":{"uv":[3.53125,6.96875,3.34375,7.3125],"tintindex":0,"rotation":0,"texture":"#0"}},"rotation":{"origin":[2.3081856,7.3315544,-4.473152],"angle":-45.0,"axis":"y"}},{"from":[4.908373,11.321554,-11.243494],"to":[13.928373,11.341555,-5.2234936],"faces":{"east":{"uv":[6.375,3.59375,6.78125,3.875],"tintindex":0,"rotation":0,"texture":"#0"},"south":{"uv":[3.09375,7.1875,3.28125,7.46875],"tintindex":0,"rotation":0,"texture":"#0"},"north":{"uv":[2.875,7.1875,3.0625,7.46875],"tintindex":0,"rotation":0,"texture":"#0"},"west":{"uv":[6.375,3.90625,6.78125,4.1875],"tintindex":0,"rotation":0,"texture":"#0"},"up":{"uv":[0.96875,8.0625,0.6875,7.875],"tintindex":0,"rotation":0,"texture":"#0"},"down":{"uv":[0.96875,7.875,0.6875,8.0625],"tintindex":0,"rotation":0,"texture":"#0"}}},{"from":[0.7981856,10.321554,-7.9831524],"to":[6.818186,16.341555,1.0368478],"faces":{"east":{"uv":[7.1875,4.9375,7.46875,5.125],"tintindex":0,"rotation":0,"texture":"#0"},"south":{"uv":[5.65625,7.40625,5.84375,7.59375],"tintindex":0,"rotation":0,"texture":"#0"},"north":{"uv":[3.53125,7.40625,3.71875,7.59375],"tintindex":0,"rotation":0,"texture":"#0"},"west":{"uv":[5.75,7.1875,6.03125,7.375],"tintindex":0,"rotation":0,"texture":"#0"},"up":{"uv":[5.40625,7.46875,5.21875,7.1875],"tintindex":0,"rotation":0,"texture":"#0"},"down":{"uv":[7.0625,7.1875,6.875,7.46875],"tintindex":0,"rotation":0,"texture":"#0"}},"rotation":{"origin":[3.8081856,13.331554,-4.473152],"angle":-45.0,"axis":"y"}},{"from":[6.208372,0.9215567,-10.3434925],"to":[15.228373,0.9415567,-4.323493],"faces":{"east":{"uv":[6.375,3.90625,6.78125,4.1875],"tintindex":0,"rotation":180,"texture":"#0"},"south":{"uv":[3.09375,7.1875,3.28125,7.46875],"tintindex":0,"rotation":180,"texture":"#0"},"north":{"uv":[2.875,7.1875,3.0625,7.46875],"tintindex":0,"rotation":180,"texture":"#0"},"west":{"uv":[6.375,3.59375,6.78125,3.875],"tintindex":0,"rotation":180,"texture":"#0"},"up":{"uv":[0.96875,7.875,0.6875,8.0625],"tintindex":0,"rotation":180,"texture":"#0"},"down":{"uv":[0.96875,8.0625,0.6875,7.875],"tintindex":0,"rotation":180,"texture":"#0"}},"rotation":{"origin":[9.418373,13.931557,-9.233494],"angle":-45.0,"axis":"y"}},{"from":[5.208372,6.9215565,-11.443495],"to":[14.228373,6.941557,-5.4234924],"faces":{"east":{"uv":[6.375,3.90625,6.78125,4.1875],"tintindex":0,"rotation":180,"texture":"#0"},"south":{"uv":[3.09375,7.1875,3.28125,7.46875],"tintindex":0,"rotation":180,"texture":"#0"},"north":{"uv":[2.875,7.1875,3.0625,7.46875],"tintindex":0,"rotation":180,"texture":"#0"},"west":{"uv":[6.375,3.59375,6.78125,3.875],"tintindex":0,"rotation":180,"texture":"#0"},"up":{"uv":[0.96875,7.875,0.6875,8.0625],"tintindex":0,"rotation":180,"texture":"#0"},"down":{"uv":[0.96875,8.0625,0.6875,7.875],"tintindex":0,"rotation":180,"texture":"#0"}},"rotation":{"origin":[9.418373,13.931557,-9.233494],"angle":-45.0,"axis":"y"}},{"from":[0.7981856,-1.6784456,-7.9831524],"to":[6.818186,4.3415546,1.0368478],"faces":{"east":{"uv":[7.09375,7.1875,7.375,7.375],"tintindex":0,"rotation":0,"texture":"#0"},"south":{"uv":[7.46875,0.0,7.65625,0.1875],"tintindex":0,"rotation":0,"texture":"#0"},"north":{"uv":[4.125,7.4375,4.3125,7.625],"tintindex":0,"rotation":0,"texture":"#0"},"west":{"uv":[7.21875,2.46875,7.5,2.65625],"tintindex":0,"rotation":0,"texture":"#0"},"up":{"uv":[4.5625,7.53125,4.375,7.25],"tintindex":0,"rotation":0,"texture":"#0"},"down":{"uv":[5.625,7.25,5.4375,7.53125],"tintindex":0,"rotation":0,"texture":"#0"}},"rotation":{"origin":[3.8081856,1.3315544,-4.473152],"angle":-45.0,"axis":"y"}},{"from":[-14.802223,7.3315544,-3.905385],"to":[0.1977768,7.3315544,7.094615],"faces":{"east":{"uv":[2.59375,6.875,2.9375,7.0625],"tintindex":0,"rotation":0,"texture":"#0"},"south":{"uv":[7.40625,1.09375,7.59375,1.28125],"tintindex":0,"rotation":0,"texture":"#0"},"north":{"uv":[7.40625,0.875,7.59375,1.0625],"tintindex":0,"rotation":0,"texture":"#0"},"west":{"uv":[6.875,5.65625,7.21875,5.84375],"tintindex":0,"rotation":0,"texture":"#0"},"up":{"uv":[6.59375,8.46875,6.125,8.125],"tintindex":0,"rotation":0,"texture":"#0"},"down":{"uv":[6.59375,8.125,6.125,8.46875],"tintindex":0,"rotation":0,"texture":"#0"}},"rotation":{"origin":[-5.8539925,6.905998,2.9085145],"angle":-22.5,"axis":"y"}},{"from":[-3.702221,4.3315544,-2.7053852],"to":[2.297779,10.331554,8.294615],"faces":{"east":{"uv":[6.875,5.875,7.21875,6.0625],"tintindex":0,"rotation":0,"texture":"#0"},"south":{"uv":[7.40625,7.09375,7.59375,7.28125],"tintindex":0,"rotation":0,"texture":"#0"},"north":{"uv":[7.09375,7.40625,7.28125,7.59375],"tintindex":0,"rotation":0,"texture":"#0"},"west":{"uv":[6.59375,6.875,6.9375,7.0625],"tintindex":0,"rotation":0,"texture":"#0"},"up":{"uv":[0.1875,7.25,0.0,6.90625],"tintindex":0,"rotation":0,"texture":"#0"},"down":{"uv":[7.09375,1.53125,6.90625,1.875],"tintindex":0,"rotation":0,"texture":"#0"}}},{"from":[7.908373,7.321554,-6.243494],"to":[13.928373,16.341555,6.7765074],"faces":{"east":{"uv":[6.375,3.59375,6.78125,3.875],"tintindex":0,"rotation":0,"texture":"#0"},"south":{"uv":[3.09375,7.1875,3.28125,7.46875],"tintindex":0,"rotation":0,"texture":"#0"},"north":{"uv":[2.875,7.1875,3.0625,7.46875],"tintindex":0,"rotation":0,"texture":"#0"},"west":{"uv":[6.375,3.90625,6.78125,4.1875],"tintindex":0,"rotation":0,"texture":"#0"},"up":{"uv":[0.90625,7.09375,0.71875,6.6875],"tintindex":0,"rotation":0,"texture":"#0"},"down":{"uv":[6.875,1.5625,6.6875,1.96875],"tintindex":0,"rotation":0,"texture":"#0"}}},{"from":[6.208372,13.921556,-10.3434925],"to":[15.228373,13.941557,-4.323493],"faces":{"east":{"uv":[6.375,3.90625,6.78125,4.1875],"tintindex":0,"rotation":180,"texture":"#0"},"south":{"uv":[3.09375,7.1875,3.28125,7.46875],"tintindex":0,"rotation":180,"texture":"#0"},"north":{"uv":[2.875,7.1875,3.0625,7.46875],"tintindex":0,"rotation":180,"texture":"#0"},"west":{"uv":[6.375,3.59375,6.78125,3.875],"tintindex":0,"rotation":180,"texture":"#0"},"up":{"uv":[0.96875,7.875,0.6875,8.0625],"tintindex":0,"rotation":180,"texture":"#0"},"down":{"uv":[0.96875,8.0625,0.6875,7.875],"tintindex":0,"rotation":180,"texture":"#0"}},"rotation":{"origin":[9.418373,13.931557,-9.233494],"angle":-45.0,"axis":"y"}},{"from":[0.7195778,0.3315544,-5.3122387],