{"textures":{"0":"modelengine:entity/nocsy_icebear_boss"},"elements":[{"from":[-5.773937,1.4192276,13.152447],"to":[5.226061,7.4192276,20.152447],"faces":{"east":{"uv":[0.0,7.34375,0.21875,7.53125],"tintindex":0,"rotation":0,"texture":"#0"},"south":{"uv":[6.84375,2.5,7.1875,2.6875],"tintindex":0,"rotation":0,"texture":"#0"},"north":{"uv":[6.8125,5.0625,7.15625,5.25],"tintindex":0,"rotation":0,"texture":"#0"},"west":{"uv":[0.25,7.34375,0.46875,7.53125],"tintindex":0,"rotation":0,"texture":"#0"},"up":{"uv":[7.03125,2.21875,6.6875,2.0],"tintindex":0,"rotation":0,"texture":"#0"},"down":{"uv":[7.03125,2.25,6.6875,2.46875],"tintindex":0,"rotation":0,"texture":"#0"}},"rotation":{"origin":[1.2260628,10.919228,16.152447],"angle":-45.0,"axis":"y"}},{"from":[-6.9809723,1.4192276,3.1112647],"to":[12.019026,14.419228,15.111264],"faces":{"east":{"uv":[5.96875,4.59375,6.34375,5.0],"tintindex":0,"rotation":0,"texture":"#0"},"south":{"uv":[4.875,3.3125,5.46875,3.71875],"tintindex":0,"rotation":0,"texture":"#0"},"north":{"uv":[4.875,2.875,5.46875,3.28125],"tintindex":0,"rotation":0,"texture":"#0"},"west":{"uv":[5.78125,5.96875,6.15625,6.375],"tintindex":0,"rotation":0,"texture":"#0"},"up":{"uv":[4.53125,5.59375,3.9375,5.21875],"tintindex":0,"rotation":0,"texture":"#0"},"down":{"uv":[5.84375,0.0,5.25,0.375],"tintindex":0,"rotation":0,"texture":"#0"}}},{"from":[-6.6116962,-0.84658647,9.121265],"to":[5.3683014,4.1334133,15.101264],"faces":{"east":{"uv":[7.5,4.9375,7.6875,5.09375],"tintindex":0,"rotation":0,"texture":"#0"},"south":{"uv":[7.0625,1.90625,7.4375,2.0625],"tintindex":0,"rotation":0,"texture":"#0"},"north":{"uv":[2.15625,0.53125,2.53125,0.6875],"tintindex":0,"rotation":0,"texture":"#0"},"west":{"uv":[5.15625,7.5,5.34375,7.65625],"tintindex":0,"rotation":0,"texture":"#0"},"up":{"uv":[7.09375,1.0625,6.71875,0.875],"tintindex":0,"rotation":0,"texture":"#0"},"down":{"uv":[7.09375,1.09375,6.71875,1.28125],"tintindex":0,"rotation":0,"texture":"#0"}},"rotation":{"origin":[-0.6216965,1.6434135,12.111264],"angle":-22.5,"axis":"z"}},{"from":[-6.773937,7.4192276,11.152447],"to":[9.226061,14.419228,18.152447],"faces":{"east":{"uv":[7.25,5.53125,7.46875,5.75],"tintindex":0,"rotation":0,"texture":"#0"},"south":{"uv":[6.375,4.5625,6.875,4.78125],"tintindex":0,"rotation":0,"texture":"#0"},"north":{"uv":[6.3125,2.5,6.8125,2.71875],"tintindex":0,"rotation":0,"texture":"#0"},"west":{"uv":[7.25,5.78125,7.46875,6.0],"tintindex":0,"rotation":0,"texture":"#0"},"up":{"uv":[6.875,5.03125,6.375,4.8125],"tintindex":0,"rotation":0,"texture":"#0"},"down":{"uv":[6.6875,6.375,6.1875,6.59375],"tintindex":0,"rotation":0,"texture":"#0"}},"rotation":{"origin":[1.2260628,10.919228,16.152447],"angle":-45.0,"axis":"y"}},{"from":[-5.6497593,-0.03792786,3.1212647],"to":[9.330242,4.942072,9.101265],"faces":{"east":{"uv":[1.46875,7.5,1.65625,7.65625],"tintindex":0,"rotation":0,"texture":"#0"},"south":{"uv":[6.5625,6.15625,7.03125,6.3125],"tintindex":0,"rotation":0,"texture":"#0"},"north":{"uv":[4.90625,2.6875,5.375,2.84375],"tintindex":0,"rotation":0,"texture":"#0"},"west":{"uv":[7.5,3.375,7.6875,3.53125],"tintindex":0,"rotation":0,"texture":"#0"},"up":{"uv":[1.96875,6.71875,1.5,6.53125],"tintindex":0,"rotation":0,"texture":"#0"},"down":{"uv":[4.96875,6.5625,4.5,6.75],"tintindex":0,"rotation":0,"texture":"#0"}},"rotation":{"origin":[-0.15975952,1.4520721,9.111265],"angle":-22.5,"axis":"z"}},{"from":[0.02902771,11.429228,3.1212647],"to":[9.009026,15.409227,8.101265],"faces":{"east":{"uv":[4.6875,2.15625,4.84375,2.28125],"tintindex":0,"rotation":0,"texture":"#0"},"south":{"uv":[5.4375,1.34375,5.71875,1.46875],"tintindex":0,"rotation":0,"texture":"#0"},"north":{"uv":[2.15625,3.09375,2.4375,3.21875],"tintindex":0,"rotation":0,"texture":"#0"},"west":{"uv":[6.3125,5.8125,6.46875,5.9375],"tintindex":0,"rotation":0,"texture":"#0"},"up":{"uv":[6.625,1.71875,6.34375,1.5625],"tintindex":0,"rotation":0,"texture":"#0"},"down":{"uv":[1.21875,7.3125,0.9375,7.46875],"tintindex":0,"rotation":0,"texture":"#0"}},"rotation":{"origin":[2.5190277,7.9192276,9.111265],"angle":22.5,"axis":"z"}},{"from":[0.02902771,11.429228,8.121265],"to":[12.009026,16.409227,15.101264],"faces":{"east":{"uv":[0.9375,7.5,1.15625,7.65625],"tintindex":0,"rotation":0,"texture":"#0"},"south":{"uv":[7.0625,2.28125,7.4375,2.4375],"tintindex":0,"rotation":0,"texture":"#0"},"north":{"uv":[7.0625,2.09375,7.4375,2.25],"tintindex":0,"rotation":0,"texture":"#0"},"west":{"uv":[2.875,7.5,3.09375,7.65625],"tintindex":0,"rotation":0,"texture":"#0"},"up":{"uv":[6.53125,6.84375,6.15625,6.625],"tintindex":0,"rotation":0,"texture":"#0"},"down":{"uv":[6.9375,6.625,6.5625,6.84375],"tintindex":0,"rotation":0,"texture":"#0"}},"rotation":{"origin":[2.5190277,7.9192276,9.111265],"angle":22.5,"axis":"z"}}],"display":{"gui":{"rotation":[30,225,0]}}}