{"textures":{"0":"modelengine:entity/nocsy_icebear_boss"},"elements":[{"from":[5.0,4.4000015,6.9000015],"to":[12.0,11.400002,14.900002],"faces":{"east":{"uv":[6.59375,7.09375,6.84375,7.3125],"tintindex":0,"rotation":0,"texture":"#0"},"south":{"uv":[4.90625,7.28125,5.125,7.5],"tintindex":0,"rotation":0,"texture":"#0"},"north":{"uv":[7.28125,4.6875,7.5,4.90625],"tintindex":0,"rotation":0,"texture":"#0"},"west":{"uv":[0.65625,7.125,0.90625,7.34375],"tintindex":0,"rotation":0,"texture":"#0"},"up":{"uv":[3.28125,1.96875,3.0625,1.71875],"tintindex":0,"rotation":0,"texture":"#0"},"down":{"uv":[5.1875,7.0,4.96875,7.25],"tintindex":0,"rotation":0,"texture":"#0"}},"rotation":{"origin":[8.0,6.0999985,-0.5999994],"angle":22.5,"axis":"x"}}],"display":{"gui":{"rotation":[30,225,0]}}}