{"textures":{"0":"modelengine:entity/nocsy_icebear_boss"},"elements":[{"from":[3.9809742,1.4192276,3.1112642],"to":[22.980972,14.419228,15.111264],"faces":{"east":{"uv":[0.71875,1.9375,1.09375,2.34375],"tintindex":0,"rotation":0,"texture":"#0"},"south":{"uv":[4.8125,4.65625,5.40625,5.0625],"tintindex":0,"rotation":0,"texture":"#0"},"north":{"uv":[5.40625,4.65625,4.8125,5.0625],"tintindex":0,"rotation":0,"texture":"#0"},"west":{"uv":[5.96875,3.8125,6.34375,4.21875],"tintindex":0,"rotation":0,"texture":"#0"},"up":{"uv":[5.8125,1.875,5.21875,1.5],"tintindex":0,"rotation":0,"texture":"#0"},"down":{"uv":[3.90625,5.21875,3.3125,5.59375],"tintindex":0,"rotation":0,"texture":"#0"}}}],"display":{"gui":{"rotation":[30,225,0]}}}