{"textures":{"0":"modelengine:entity/nocsy_icebear_boss"},"elements":[{"from":[5.9000006,5.6,-5.0],"to":[9.900001,12.6,3.0],"faces":{"east":{"uv":[7.0625,5.28125,7.3125,5.5],"tintindex":0,"rotation":0,"texture":"#0"},"south":{"uv":[3.125,7.5,3.25,7.71875],"tintindex":0,"rotation":0,"texture":"#0"},"north":{"uv":[5.21875,1.90625,5.34375,2.125],"tintindex":0,"rotation":0,"texture":"#0"},"west":{"uv":[7.0625,6.09375,7.3125,6.3125],"tintindex":0,"rotation":0,"texture":"#0"},"up":{"uv":[3.28125,1.125,3.15625,0.875],"tintindex":0,"rotation":0,"texture":"#0"},"down":{"uv":[4.1875,0.375,4.0625,0.625],"tintindex":0,"rotation":0,"texture":"#0"}},"rotation":{"origin":[7.5,8.0,0.5],"angle":-22.5,"axis":"x"}},{"from":[9.900001,4.9,-3.0],"to":[12.9,11.9,4.0],"faces":{"east":{"uv":[6.0625,7.25,6.28125,7.46875],"tintindex":0,"rotation":0,"texture":"#0"},"south":{"uv":[2.25,6.8125,2.34375,7.03125],"tintindex":0,"rotation":0,"texture":"#0"},"north":{"uv":[2.875,3.25,2.96875,3.46875],"tintindex":0,"rotation":0,"texture":"#0"},"west":{"uv":[6.3125,7.25,6.53125,7.46875],"tintindex":0,"rotation":0,"texture":"#0"},"up":{"uv":[3.84375,7.625,3.75,7.40625],"tintindex":0,"rotation":0,"texture":"#0"},"down":{"uv":[6.5,7.5,6.40625,7.71875],"tintindex":0,"rotation":0,"texture":"#0"}},"rotation":{"origin":[11.5,8.0,1.5],"angle":-22.5,"axis":"x"}},{"from":[3.5,4.5,1.5],"to":[12.5,11.5,15.5],"faces":{"east":{"uv":[1.4375,0.71875,1.875,0.9375],"tintindex":0,"rotation":0,"texture":"#0"},"south":{"uv":[7.03125,3.8125,7.3125,4.03125],"tintindex":0,"rotation":0,"texture":"#0"},"north":{"uv":[7.03125,2.96875,7.3125,3.1875],"tintindex":0,"rotation":0,"texture":"#0"},"west":{"uv":[3.09375,6.5,3.53125,6.71875],"tintindex":0,"rotation":0,"texture":"#0"},"up":{"uv":[4.21875,6.46875,3.9375,6.03125],"tintindex":0,"rotation":0,"texture":"#0"},"down":{"uv":[0.65625,6.21875,0.375,6.65625],"tintindex":0,"rotation":0,"texture":"#0"}}},{"from":[2.9000006,4.9,-3.0],"to":[5.9000006,11.9,4.0],"faces":{"east":{"uv":[7.25,6.59375,7.46875,6.8125],"tintindex":0,"rotation":0,"texture":"#0"},"south":{"uv":[6.78125,7.5,6.875,7.71875],"tintindex":0,"rotation":0,"texture":"#0"},"north":{"uv":[7.5,6.65625,7.59375,6.875],"tintindex":0,"rotation":0,"texture":"#0"},"west":{"uv":[7.25,6.84375,7.46875,7.0625],"tintindex":0,"rotation":0,"texture":"#0"},"up":{"uv":[7.0,7.71875,6.90625,7.5],"tintindex":0,"rotation":0,"texture":"#0"},"down":{"uv":[1.78125,7.53125,1.6875,7.75],"tintindex":0,"rotation":0,"texture":"#0"}},"rotation":{"origin":[4.5,8.0,1.5],"angle":-22.5,"axis":"x"}}],"display":{"gui":{"rotation":[30,225,0]}}}