{"textures":{"3":"modelengine:entity/bl_ice_elemental"},"elements":[{"from":[7.616,8.384,-0.44799995],"to":[8.384,9.152,11.84],"faces":{"east":{"uv":[11.166667,2.6666667,13.666667,2.8333335],"tintindex":0,"rotation":0,"texture":"#3"},"south":{"uv":[1.6666667,4.0,1.8333334,4.166667],"tintindex":0,"rotation":0,"texture":"#3"},"north":{"uv":[1.5,4.0,1.6666667,4.166667],"tintindex":0,"rotation":0,"texture":"#3"},"west":{"uv":[11.333334,8.333334,13.833334,8.5],"tintindex":0,"rotation":0,"texture":"#3"},"up":{"uv":[0.8333334,13.833334,0.6666667,11.333334],"tintindex":0,"rotation":0,"texture":"#3"},"down":{"uv":[9.166667,11.333334,9.0,13.833334],"tintindex":0,"rotation":0,"texture":"#3"}}}],"display":{"gui":{"rotation":[30,225,0]}}}