{"textures":{"3":"modelengine:entity/bl_ice_elemental"},"elements":[{"from":[2.5,5.0,4.0],"to":[10.5,9.0,12.0],"faces":{"east":{"uv":[4.3333335,9.5,5.666667,10.166667],"tintindex":0,"rotation":0,"texture":"#3"},"south":{"uv":[9.5,9.166667,10.833334,9.833334],"tintindex":0,"rotation":0,"texture":"#3"},"north":{"uv":[9.333334,5.0,10.666667,5.666667],"tintindex":0,"rotation":0,"texture":"#3"},"west":{"uv":[5.666667,9.666667,7.0,10.333334],"tintindex":0,"rotation":0,"texture":"#3"},"up":{"uv":[8.0,4.0,6.666667,2.6666667],"tintindex":0,"rotation":0,"texture":"#3"},"down":{"uv":[7.3333335,6.8333335,6.0,8.166667],"tintindex":0,"rotation":0,"texture":"#3"}}}],"display":{"gui":{"rotation":[30,225,0]}}}