{"textures":{"3":"modelengine:entity/bl_ice_elemental"},"elements":[{"from":[7.2320004,7.2320004,5.3120003],"to":[8.768,8.768,8.768],"faces":{"east":{"uv":[11.666667,7.3333335,12.333334,7.666667],"tintindex":0,"rotation":0,"texture":"#3"},"south":{"uv":[12.0,2.8333335,12.333334,3.1666667],"tintindex":0,"rotation":0,"texture":"#3"},"north":{"uv":[2.8333335,12.0,3.1666667,12.333334],"tintindex":0,"rotation":0,"texture":"#3"},"west":{"uv":[11.833334,1.5,12.5,1.8333334],"tintindex":0,"rotation":0,"texture":"#3"},"up":{"uv":[9.333334,0.6666667,9.0,0.0],"tintindex":0,"rotation":0,"texture":"#3"},"down":{"uv":[2.0,10.666667,1.6666667,11.333334],"tintindex":0,"rotation":0,"texture":"#3"}}}],"display":{"gui":{"rotation":[30,225,0]}}}