{"textures":{"3":"modelengine:entity/bl_ice_elemental"},"elements":[{"from":[5.5,5.0,4.0],"to":[13.5,9.0,12.0],"faces":{"east":{"uv":[9.333334,3.0,10.666667,3.6666667],"tintindex":0,"rotation":0,"texture":"#3"},"south":{"uv":[9.333334,3.6666667,10.666667,4.3333335],"tintindex":0,"rotation":0,"texture":"#3"},"north":{"uv":[8.0,3.1666667,9.333334,3.8333335],"tintindex":0,"rotation":0,"texture":"#3"},"west":{"uv":[9.333334,4.3333335,10.666667,5.0],"tintindex":0,"rotation":0,"texture":"#3"},"up":{"uv":[1.3333334,7.666667,0.0,6.3333335],"tintindex":0,"rotation":0,"texture":"#3"},"down":{"uv":[8.0,1.3333334,6.666667,2.6666667],"tintindex":0,"rotation":0,"texture":"#3"}}}],"display":{"gui":{"rotation":[30,225,0]}}}