{"textures":{"3":"modelengine:entity/bl_ice_elemental"},"elements":[{"from":[4.5,6.0,4.0],"to":[11.5,9.0,12.0],"faces":{"east":{"uv":[10.666667,4.3333335,12.0,4.8333335],"tintindex":0,"rotation":0,"texture":"#3"},"south":{"uv":[10.833334,10.5,12.0,11.0],"tintindex":0,"rotation":0,"texture":"#3"},"north":{"uv":[10.833334,10.0,12.0,10.5],"tintindex":0,"rotation":0,"texture":"#3"},"west":{"uv":[10.666667,4.8333335,12.0,5.3333335],"tintindex":0,"rotation":0,"texture":"#3"},"up":{"uv":[1.1666667,9.0,0.0,7.666667],"tintindex":0,"rotation":0,"texture":"#3"},"down":{"uv":[2.3333335,7.8333335,1.1666667,9.166667],"tintindex":0,"rotation":0,"texture":"#3"}}}],"display":{"gui":{"rotation":[30,225,0]}}}