{"textures":{"3":"modelengine:entity/bl_ice_elemental"},"elements":[{"from":[7.2396803,2.4320002,6.8479996],"to":[8.76032,3.776,9.152],"faces":{"east":{"uv":[6.166667,11.833334,6.666667,12.166667],"tintindex":0,"rotation":0,"texture":"#3"},"south":{"uv":[2.5,12.0,2.8333335,12.333334],"tintindex":0,"rotation":0,"texture":"#3"},"north":{"uv":[5.0,7.8333335,5.3333335,8.166667],"tintindex":0,"rotation":0,"texture":"#3"},"west":{"uv":[6.666667,11.833334,7.166667,12.166667],"tintindex":0,"rotation":0,"texture":"#3"},"up":{"uv":[7.5,12.333334,7.166667,11.833334],"tintindex":0,"rotation":0,"texture":"#3"},"down":{"uv":[12.166667,8.5,11.833334,9.0],"tintindex":0,"rotation":0,"texture":"#3"}}}],"display":{"gui":{"rotation":[30,225,0]}}}