{"textures":{"3":"modelengine:entity/bl_ice_elemental"},"elements":[{"from":[7.2320004,7.2320004,7.232],"to":[8.768,8.768,10.688],"faces":{"east":{"uv":[11.833334,1.8333334,12.5,2.1666667],"tintindex":0,"rotation":0,"texture":"#3"},"south":{"uv":[4.3333335,12.0,4.666667,12.333334],"tintindex":0,"rotation":0,"texture":"#3"},"north":{"uv":[12.0,4.166667,12.333334,4.5],"tintindex":0,"rotation":0,"texture":"#3"},"west":{"uv":[3.6666667,11.833334,4.3333335,12.166667],"tintindex":0,"rotation":0,"texture":"#3"},"up":{"uv":[5.8333335,12.5,5.5,11.833334],"tintindex":0,"rotation":0,"texture":"#3"},"down":{"uv":[6.166667,11.833334,5.8333335,12.5],"tintindex":0,"rotation":0,"texture":"#3"}}}],"display":{"gui":{"rotation":[30,225,0]}}}