{"textures":{"3":"modelengine:entity/bl_ice_elemental"},"elements":[{"from":[8.0,6.8480005,6.848],"to":[8.0,9.152,9.151999],"faces":{"east":{"uv":[11.333334,11.666667,11.833334,12.166667],"tintindex":0,"rotation":0,"texture":"#3"},"west":{"uv":[11.833334,1.0,12.333334,1.5],"tintindex":0,"rotation":0,"texture":"#3"}}}],"display":{"gui":{"rotation":[30,225,0]}}}