{"textures":{"3":"modelengine:entity/bl_ice_elemental"},"elements":[{"from":[2.4172401,0.13407898,5.0],"to":[8.41724,9.134079,11.0],"faces":{"east":{"uv":[8.166667,6.166667,9.166667,7.666667],"tintindex":0,"rotation":0,"texture":"#3"},"south":{"uv":[8.166667,7.666667,9.166667,9.166667],"tintindex":0,"rotation":0,"texture":"#3"},"north":{"uv":[6.166667,8.166667,7.166667,9.666667],"tintindex":0,"rotation":0,"texture":"#3"},"west":{"uv":[7.166667,8.833334,8.166667,10.333334],"tintindex":0,"rotation":0,"texture":"#3"},"up":{"uv":[5.0,2.5,4.0,1.5],"tintindex":0,"rotation":0,"texture":"#3"},"down":{"uv":[10.333334,0.0,9.333334,1.0],"tintindex":0,"rotation":0,"texture":"#3"}}}],"display":{"gui":{"rotation":[30,225,0]}}}