{"textures":{"3":"modelengine:entity/bl_ice_elemental"},"elements":[{"from":[6.1308603,1.502861,6.0],"to":[10.13086,8.502861,10.0],"faces":{"east":{"uv":[8.833334,10.166667,9.5,11.333334],"tintindex":0,"rotation":0,"texture":"#3"},"south":{"uv":[10.166667,9.833334,10.833334,11.0],"tintindex":0,"rotation":0,"texture":"#3"},"north":{"uv":[8.166667,10.166667,8.833334,11.333334],"tintindex":0,"rotation":0,"texture":"#3"},"west":{"uv":[10.333334,0.0,11.0,1.1666667],"tintindex":0,"rotation":0,"texture":"#3"},"up":{"uv":[12.0,8.333334,11.333334,7.666667],"tintindex":0,"rotation":0,"texture":"#3"},"down":{"uv":[9.0,11.333334,8.333334,12.0],"tintindex":0,"rotation":0,"texture":"#3"}}}],"display":{"gui":{"rotation":[30,225,0]}}}