{"textures":{"3":"modelengine:entity/bl_ice_elemental"},"elements":[{"from":[5.5,3.5,5.5],"to":[10.5,8.5,10.5],"faces":{"east":{"uv":[2.8333335,10.5,3.6666667,11.333334],"tintindex":0,"rotation":0,"texture":"#3"},"south":{"uv":[10.5,6.0,11.333334,6.8333335],"tintindex":0,"rotation":0,"texture":"#3"},"north":{"uv":[2.0,10.5,2.8333335,11.333334],"tintindex":0,"rotation":0,"texture":"#3"},"west":{"uv":[10.5,6.8333335,11.333334,7.666667],"tintindex":0,"rotation":0,"texture":"#3"},"up":{"uv":[11.333334,8.5,10.5,7.666667],"tintindex":0,"rotation":0,"texture":"#3"},"down":{"uv":[1.6666667,10.666667,0.8333334,11.5],"tintindex":0,"rotation":0,"texture":"#3"}}}],"display":{"gui":{"rotation":[30,225,0]}}}