{"textures":{"0":"modelengine:entity/end_scuttler"},"elements":[{"from":[14.669696,1.8832107,5.000001],"to":[14.669696,12.883211,11.0],"faces":{"east":{"uv":[9.125,3.25,8.375,4.625],"tintindex":0,"rotation":0,"texture":"#0"},"west":{"uv":[8.375,3.25,9.125,4.625],"tintindex":0,"rotation":0,"texture":"#0"}},"rotation":{"origin":[13.169696,6.883211,8.0],"angle":22.5,"axis":"z"}},{"from":[8.669696,9.883211,5.000001],"to":[14.669696,9.883211,11.0],"faces":{"up":{"uv":[5.875,10.875,6.625,10.125],"tintindex":0,"rotation":0,"texture":"#0"},"down":{"uv":[5.875,10.125,6.625,10.875],"tintindex":0,"rotation":0,"texture":"#0"}},"rotation":{"origin":[13.169696,6.883211,8.0],"angle":22.5,"axis":"z"}}],"display":{"gui":{"rotation":[30,225,0]}}}