{"textures":{"0":"modelengine:entity/end_scuttler"},"elements":[{"from":[9.338187,9.975374,-2.254836],"to":[9.338187,15.975374,12.245165],"faces":{"east":{"uv":[3.625,1.625,0.0,3.125],"tintindex":0,"rotation":0,"texture":"#0"},"west":{"uv":[0.0,1.625,3.625,3.125],"tintindex":0,"rotation":0,"texture":"#0"}},"rotation":{"origin":[12.338187,13.975374,2.2451644],"angle":-22.5,"axis":"x"}},{"from":[6.350687,9.975374,-2.254836],"to":[6.350687,13.975374,8.745164],"faces":{"east":{"uv":[8.125,0.0,5.375,1.0],"tintindex":0,"rotation":0,"texture":"#0"},"west":{"uv":[5.375,0.0,8.125,1.0],"tintindex":0,"rotation":0,"texture":"#0"}},"rotation":{"origin":[9.350687,13.975374,2.2451644],"angle":-22.5,"axis":"x"}},{"from":[6.338187,6.753761,-5.412485],"to":[12.338187,12.253761,3.5875149],"faces":{"east":{"uv":[4.875,2.25,7.125,3.625],"tintindex":0,"rotation":0,"texture":"#0"},"south":{"uv":[4.875,6.375,6.375,7.75],"tintindex":0,"rotation":0,"texture":"#0"},"north":{"uv":[3.25,5.5,4.75,6.875],"tintindex":0,"rotation":0,"texture":"#0"},"west":{"uv":[4.875,3.75,7.125,5.125],"tintindex":0,"rotation":0,"texture":"#0"},"up":{"uv":[1.5,5.5,0.0,3.25],"tintindex":0,"rotation":0,"texture":"#0"},"down":{"uv":[3.125,3.25,1.625,5.5],"tintindex":0,"rotation":0,"texture":"#0"}}},{"from":[12.325687,9.975374,-2.254836],"to":[12.325687,13.975374,8.745164],"faces":{"east":{"uv":[8.125,0.0,5.375,1.0],"tintindex":0,"rotation":0,"texture":"#0"},"west":{"uv":[5.375,0.0,8.125,1.0],"tintindex":0,"rotation":0,"texture":"#0"}},"rotation":{"origin":[9.325687,13.975374,2.2451644],"angle":-22.5,"axis":"x"}}],"display":{"gui":{"rotation":[30,225,0]}}}