{"textures":{"3":"modelengine:entity/bl_fire_elemental"},"elements":[{"from":[-2.1578598,6.7173805,8.0],"to":[9.84214,11.717381,8.0],"faces":{"south":{"uv":[2.4,9.0,4.8,10.0],"tintindex":0,"rotation":0,"texture":"#3"},"north":{"uv":[0.0,9.0,2.4,10.0],"tintindex":0,"rotation":0,"texture":"#3"}}},{"from":[4.84214,6.7173805,6.0],"to":[8.84214,10.717381,10.0],"faces":{"east":{"uv":[1.8000001,13.400001,2.6000001,14.2],"tintindex":0,"rotation":0,"texture":"#3"},"south":{"uv":[2.6000001,13.400001,3.4,14.2],"tintindex":0,"rotation":0,"texture":"#3"},"north":{"uv":[13.0,9.8,13.8,10.6],"tintindex":0,"rotation":0,"texture":"#3"},"west":{"uv":[3.4,13.400001,4.2000003,14.2],"tintindex":0,"rotation":0,"texture":"#3"},"up":{"uv":[14.2,6.0,13.400001,5.2000003],"tintindex":0,"rotation":0,"texture":"#3"},"down":{"uv":[14.2,6.0,13.400001,6.8],"tintindex":0,"rotation":0,"texture":"#3"}}}],"display":{"gui":{"rotation":[30,225,0]}}}