{"textures":{"3":"modelengine:entity/bl_fire_elemental"},"elements":[{"from":[5.58724,3.5019007,5.5],"to":[10.58724,8.501901,10.5],"faces":{"east":{"uv":[12.400001,10.6,13.400001,11.6],"tintindex":0,"rotation":0,"texture":"#3"},"south":{"uv":[12.400001,11.6,13.400001,12.6],"tintindex":0,"rotation":0,"texture":"#3"},"north":{"uv":[7.8,12.400001,8.8,13.400001],"tintindex":0,"rotation":0,"texture":"#3"},"west":{"uv":[12.6,2.4,13.6,3.4],"tintindex":0,"rotation":0,"texture":"#3"},"up":{"uv":[5.2000003,13.6,4.2000003,12.6],"tintindex":0,"rotation":0,"texture":"#3"},"down":{"uv":[13.400001,12.6,12.400001,13.6],"tintindex":0,"rotation":0,"texture":"#3"}}}],"display":{"gui":{"rotation":[30,225,0]}}}