{"textures":{"0":"modelengine:entity/vfx_ender_web"},"elements":[{"from":[-6.068226,10.683369,0.7550001],"to":[9.1117735,10.683369,15.245],"faces":{"up":{"uv":[2.625,0.0,0.0,2.75],"tintindex":0,"rotation":90,"texture":"#0"},"down":{"uv":[5.375,2.75,2.75,0.0],"tintindex":0,"rotation":270,"texture":"#0"}},"rotation":{"origin":[8.0,8.0,8.0],"angle":22.5,"axis":"z"}},{"from":[6.8882265,10.683369,0.7550001],"to":[22.068226,10.683369,15.245],"faces":{"up":{"uv":[2.625,2.75,0.0,0.0],"tintindex":0,"rotation":90,"texture":"#0"},"down":{"uv":[5.375,0.0,2.75,2.75],"tintindex":0,"rotation":270,"texture":"#0"}},"rotation":{"origin":[8.0,8.0,8.0],"angle":-22.5,"axis":"z"}},{"from":[0.7550001,10.683369,6.8882265],"to":[15.245,10.683369,22.068226],"faces":{"up":{"uv":[2.625,0.0,0.0,2.75],"tintindex":0,"rotation":0,"texture":"#0"},"down":{"uv":[5.375,2.75,2.75,0.0],"tintindex":0,"rotation":0,"texture":"#0"}},"rotation":{"origin":[8.0,8.0,8.0],"angle":22.5,"axis":"x"}},{"from":[0.7550001,10.683369,-6.068226],"to":[15.245,10.683369,9.1117735],"faces":{"up":{"uv":[2.625,2.75,0.0,0.0],"tintindex":0,"rotation":0,"texture":"#0"},"down":{"uv":[5.375,0.0,2.75,2.75],"tintindex":0,"rotation":0,"texture":"#0"}},"rotation":{"origin":[8.0,8.0,8.0],"angle":-22.5,"axis":"x"}}],"display":{"gui":{"rotation":[30,225,0]}}}