{"textures":{"0":"modelengine:entity/1bit_elite_ghast"},"elements":[{"from":[30.049345,1.5649996,13.67064],"to":[30.049345,24.829998,23.07564],"faces":{"east":{"uv":[5.25,12.0,5.9375,13.75],"tintindex":0,"rotation":0,"texture":"#0"},"west":{"uv":[6.125,12.0,6.8125,13.75],"tintindex":0,"rotation":0,"texture":"#0"}},"rotation":{"origin":[12.229345,-15.76,37.43064],"angle":45.0,"axis":"y"}}],"display":{"gui":{"rotation":[30,225,0]}}}