{"textures":{"0":"modelengine:entity/1bit_elite_ghast"},"elements":[{"from":[30.049345,1.565,13.670639],"to":[30.049345,24.83,23.07564],"faces":{"east":{"uv":[7.875,12.0,8.5625,13.75],"tintindex":0,"rotation":0,"texture":"#0"},"west":{"uv":[10.0,12.0,10.6875,13.75],"tintindex":0,"rotation":0,"texture":"#0"}},"rotation":{"origin":[12.229345,-15.76,37.43064],"angle":45.0,"axis":"y"}}],"display":{"gui":{"rotation":[30,225,0]}}}