{"textures":{"0":"modelengine:entity/1bit_elite_ghast"},"elements":[{"from":[5.5249996,5.5249996,8.0],"to":[10.475,10.475,26.095001],"faces":{"east":{"uv":[12.0,9.125,14.0625,9.6875],"tintindex":0,"rotation":0,"texture":"#0"},"south":{"uv":[12.375,12.75,12.9375,13.3125],"tintindex":0,"rotation":0,"texture":"#0"},"north":{"uv":[12.5,10.75,13.0625,11.3125],"tintindex":0,"rotation":0,"texture":"#0"},"west":{"uv":[10.875,12.0,12.9375,12.5625],"tintindex":0,"rotation":0,"texture":"#0"},"up":{"uv":[11.4375,14.8125,10.875,12.75],"tintindex":0,"rotation":0,"texture":"#0"},"down":{"uv":[12.1875,12.75,11.625,14.8125],"tintindex":0,"rotation":0,"texture":"#0"}}}],"display":{"gui":{"rotation":[30,225,0]}}}