{"textures":{"3":"modelengine:entity/bl_fire_elemental"},"elements":[{"from":[6.15786,6.7173805,8.0],"to":[18.15786,11.717381,8.0],"faces":{"south":{"uv":[4.8,9.0,7.2000003,10.0],"tintindex":0,"rotation":0,"texture":"#3"},"north":{"uv":[9.0,3.2,11.400001,4.2000003],"tintindex":0,"rotation":0,"texture":"#3"}}},{"from":[7.15786,6.7173805,6.0],"to":[11.15786,10.717381,10.0],"faces":{"east":{"uv":[8.400001,13.400001,9.2,14.2],"tintindex":0,"rotation":0,"texture":"#3"},"south":{"uv":[9.2,13.400001,10.0,14.2],"tintindex":0,"rotation":0,"texture":"#3"},"north":{"uv":[7.6,13.400001,8.400001,14.2],"tintindex":0,"rotation":0,"texture":"#3"},"west":{"uv":[13.400001,10.6,14.2,11.400001],"tintindex":0,"rotation":0,"texture":"#3"},"up":{"uv":[11.6,14.2,10.8,13.400001],"tintindex":0,"rotation":0,"texture":"#3"},"down":{"uv":[14.2,11.400001,13.400001,12.2],"tintindex":0,"rotation":0,"texture":"#3"}}}],"display":{"gui":{"rotation":[30,225,0]}}}