{"textures":{"3":"modelengine:entity/bl_ice_elemental"},"elements":[{"from":[-2.2829103,6.83239,7.7104],"to":[9.717091,11.83239,7.7104],"faces":{"south":{"uv":[1.3333334,7.0,3.3333335,7.8333335],"tintindex":0,"rotation":0,"texture":"#3"},"north":{"uv":[7.0,0.0,9.0,0.8333334],"tintindex":0,"rotation":0,"texture":"#3"}}},{"from":[4.7170897,6.83239,5.7103996],"to":[8.717091,10.83239,9.7104],"faces":{"east":{"uv":[9.5,11.0,10.166667,11.666667],"tintindex":0,"rotation":0,"texture":"#3"},"south":{"uv":[10.166667,11.0,10.833334,11.666667],"tintindex":0,"rotation":0,"texture":"#3"},"north":{"uv":[3.6666667,10.5,4.3333335,11.166667],"tintindex":0,"rotation":0,"texture":"#3"},"west":{"uv":[10.833334,11.0,11.5,11.666667],"tintindex":0,"rotation":0,"texture":"#3"},"up":{"uv":[11.833334,1.6666667,11.166667,1.0],"tintindex":0,"rotation":0,"texture":"#3"},"down":{"uv":[11.833334,1.6666667,11.166667,2.3333335],"tintindex":0,"rotation":0,"texture":"#3"}}}],"display":{"gui":{"rotation":[30,225,0]}}}