{"textures":{"3":"modelengine:entity/bl_ice_elemental"},"elements":[{"from":[7.2320004,7.232,8.124001],"to":[8.768,8.768,14.268001],"faces":{"east":{"uv":[4.3333335,11.333334,5.666667,11.666667],"tintindex":0,"rotation":0,"texture":"#3"},"south":{"uv":[5.0,12.0,5.3333335,12.333334],"tintindex":0,"rotation":0,"texture":"#3"},"north":{"uv":[12.0,4.8333335,12.333334,5.166667],"tintindex":0,"rotation":0,"texture":"#3"},"west":{"uv":[11.333334,6.0,12.666667,6.3333335],"tintindex":0,"rotation":0,"texture":"#3"},"up":{"uv":[11.666667,7.666667,11.333334,6.3333335],"tintindex":0,"rotation":0,"texture":"#3"},"down":{"uv":[8.333334,11.333334,8.0,12.666667],"tintindex":0,"rotation":0,"texture":"#3"}}},{"from":[6.8479996,8.0,14.268001],"to":[9.152,8.0,17.34],"faces":{"up":{"uv":[10.333334,12.333334,9.833334,11.666667],"tintindex":0,"rotation":0,"texture":"#3"},"down":{"uv":[10.833334,11.666667,10.333334,12.333334],"tintindex":0,"rotation":0,"texture":"#3"}}}],"display":{"gui":{"rotation":[30,225,0]}}}