{"textures":{"3":"modelengine:entity/bl_ice_elemental"},"elements":[{"from":[6.8479996,8.0,-1.3400002],"to":[9.152,8.0,1.7319999],"faces":{"up":{"uv":[2.0,4.0,1.5,3.3333335],"tintindex":0,"rotation":0,"texture":"#3"},"down":{"uv":[12.166667,6.666667,11.666667,7.3333335],"tintindex":0,"rotation":0,"texture":"#3"}}},{"from":[7.2320004,7.232,1.7319999],"to":[8.768,8.768,7.876],"faces":{"east":{"uv":[10.666667,5.3333335,12.0,5.666667],"tintindex":0,"rotation":0,"texture":"#3"},"south":{"uv":[12.0,3.8333335,12.333334,4.166667],"tintindex":0,"rotation":0,"texture":"#3"},"north":{"uv":[12.0,3.5,12.333334,3.8333335],"tintindex":0,"rotation":0,"texture":"#3"},"west":{"uv":[11.166667,2.3333335,12.5,2.6666667],"tintindex":0,"rotation":0,"texture":"#3"},"up":{"uv":[2.3333335,10.5,2.0,9.166667],"tintindex":0,"rotation":0,"texture":"#3"},"down":{"uv":[8.0,11.166667,7.666667,12.5],"tintindex":0,"rotation":0,"texture":"#3"}}}],"display":{"gui":{"rotation":[30,225,0]}}}