{"textures":{"3":"modelengine:entity/bl_ice_elemental"},"elements":[{"from":[7.2396803,7.04,3.3920002],"to":[8.76032,8.576,8.768],"faces":{"east":{"uv":[11.5,11.0,12.666667,11.333334],"tintindex":0,"rotation":0,"texture":"#3"},"south":{"uv":[12.0,3.1666667,12.333334,3.5],"tintindex":0,"rotation":0,"texture":"#3"},"north":{"uv":[3.1666667,12.0,3.5,12.333334],"tintindex":0,"rotation":0,"texture":"#3"},"west":{"uv":[11.5,11.333334,12.666667,11.666667],"tintindex":0,"rotation":0,"texture":"#3"},"up":{"uv":[9.5,12.5,9.166667,11.333334],"tintindex":0,"rotation":0,"texture":"#3"},"down":{"uv":[1.1666667,11.5,0.8333334,12.666667],"tintindex":0,"rotation":0,"texture":"#3"}}},{"from":[6.8556795,7.04,8.768],"to":[9.14432,7.04,10.304],"faces":{"up":{"uv":[12.333334,12.0,11.833334,11.666667],"tintindex":0,"rotation":0,"texture":"#3"},"down":{"uv":[0.5,12.0,0.0,12.333334],"tintindex":0,"rotation":0,"texture":"#3"}}}],"display":{"gui":{"rotation":[30,225,0]}}}