{"textures":{"3":"modelengine:entity/bl_ice_elemental"},"elements":[{"from":[7.2396803,7.04,7.2320004],"to":[8.76032,8.576,12.608001],"faces":{"east":{"uv":[4.3333335,11.666667,5.5,12.0],"tintindex":0,"rotation":0,"texture":"#3"},"south":{"uv":[4.666667,12.0,5.0,12.333334],"tintindex":0,"rotation":0,"texture":"#3"},"north":{"uv":[12.0,4.5,12.333334,4.8333335],"tintindex":0,"rotation":0,"texture":"#3"},"west":{"uv":[11.666667,6.3333335,12.833334,6.666667],"tintindex":0,"rotation":0,"texture":"#3"},"up":{"uv":[1.5,12.666667,1.1666667,11.5],"tintindex":0,"rotation":0,"texture":"#3"},"down":{"uv":[9.833334,11.666667,9.5,12.833334],"tintindex":0,"rotation":0,"texture":"#3"}}},{"from":[6.8556795,7.04,5.6960006],"to":[9.14432,7.04,7.2320004],"faces":{"up":{"uv":[2.0,12.333334,1.5,12.0],"tintindex":0,"rotation":0,"texture":"#3"},"down":{"uv":[2.5,12.0,2.0,12.333334],"tintindex":0,"rotation":0,"texture":"#3"}}}],"display":{"gui":{"rotation":[30,225,0]}}}