{"textures":{"3":"modelengine:entity/bl_ice_elemental"},"elements":[{"from":[7.28291,6.83239,5.7103996],"to":[11.28291,10.83239,9.7104],"faces":{"east":{"uv":[5.666667,11.166667,6.3333335,11.833334],"tintindex":0,"rotation":0,"texture":"#3"},"south":{"uv":[6.3333335,11.166667,7.0,11.833334],"tintindex":0,"rotation":0,"texture":"#3"},"north":{"uv":[3.6666667,11.166667,4.3333335,11.833334],"tintindex":0,"rotation":0,"texture":"#3"},"west":{"uv":[7.0,11.166667,7.666667,11.833334],"tintindex":0,"rotation":0,"texture":"#3"},"up":{"uv":[0.6666667,12.0,0.0,11.333334],"tintindex":0,"rotation":0,"texture":"#3"},"down":{"uv":[2.3333335,11.333334,1.6666667,12.0],"tintindex":0,"rotation":0,"texture":"#3"}}},{"from":[6.28291,6.83239,7.7104],"to":[18.28291,11.83239,7.7104],"faces":{"south":{"uv":[7.3333335,4.0,9.333334,4.8333335],"tintindex":0,"rotation":0,"texture":"#3"},"north":{"uv":[3.3333335,7.0,5.3333335,7.8333335],"tintindex":0,"rotation":0,"texture":"#3"}}}],"display":{"gui":{"rotation":[30,225,0]}}}