{"textures":{"3":"modelengine:entity/bl_ice_elemental"},"elements":[{"from":[4.0,8.0,6.0],"to":[12.0,11.0,14.0],"faces":{"east":{"uv":[10.666667,2.8333335,12.0,3.3333335],"tintindex":0,"rotation":0,"texture":"#3"},"south":{"uv":[10.666667,3.3333335,12.0,3.8333335],"tintindex":0,"rotation":0,"texture":"#3"},"north":{"uv":[10.5,8.5,11.833334,9.0],"tintindex":0,"rotation":0,"texture":"#3"},"west":{"uv":[10.666667,3.8333335,12.0,4.3333335],"tintindex":0,"rotation":0,"texture":"#3"},"up":{"uv":[7.3333335,5.5,6.0,4.166667],"tintindex":0,"rotation":0,"texture":"#3"},"down":{"uv":[7.3333335,5.5,6.0,6.8333335],"tintindex":0,"rotation":0,"texture":"#3"}}}],"display":{"gui":{"rotation":[30,225,0]}}}