{"textures":{"3":"modelengine:entity/bl_ice_elemental"},"elements":[{"from":[5.8691397,1.502861,6.0],"to":[9.86914,8.502861,10.0],"faces":{"east":{"uv":[9.5,9.833334,10.166667,11.0],"tintindex":0,"rotation":0,"texture":"#3"},"south":{"uv":[4.3333335,10.166667,5.0,11.333334],"tintindex":0,"rotation":0,"texture":"#3"},"north":{"uv":[5.3333335,7.0,6.0,8.166667],"tintindex":0,"rotation":0,"texture":"#3"},"west":{"uv":[5.0,10.166667,5.666667,11.333334],"tintindex":0,"rotation":0,"texture":"#3"},"up":{"uv":[3.0,12.0,2.3333335,11.333334],"tintindex":0,"rotation":0,"texture":"#3"},"down":{"uv":[3.6666667,11.333334,3.0,12.0],"tintindex":0,"rotation":0,"texture":"#3"}}}],"display":{"gui":{"rotation":[30,225,0]}}}