{"textures":{"3":"modelengine:entity/bl_ice_elemental"},"elements":[{"from":[5.41276,3.5019007,5.5],"to":[10.41276,8.501901,10.5],"faces":{"east":{"uv":[10.333334,2.0,11.166667,2.8333335],"tintindex":0,"rotation":0,"texture":"#3"},"south":{"uv":[5.666667,10.333334,6.5,11.166667],"tintindex":0,"rotation":0,"texture":"#3"},"north":{"uv":[10.333334,1.1666667,11.166667,2.0],"tintindex":0,"rotation":0,"texture":"#3"},"west":{"uv":[6.5,10.333334,7.3333335,11.166667],"tintindex":0,"rotation":0,"texture":"#3"},"up":{"uv":[8.166667,11.166667,7.3333335,10.333334],"tintindex":0,"rotation":0,"texture":"#3"},"down":{"uv":[0.8333334,10.5,0.0,11.333334],"tintindex":0,"rotation":0,"texture":"#3"}}}],"display":{"gui":{"rotation":[30,225,0]}}}