{"textures":{"0":"modelengine:entity/bl_ice_elemental_blessed"},"elements":[{"from":[8.0,20.0,6.0],"to":[8.0,24.0,10.0],"faces":{"east":{"uv":[13.714287,12.285715,14.285715,12.857143],"tintindex":0,"rotation":0,"texture":"#0"},"west":{"uv":[12.571429,13.714287,13.142858,14.285715],"tintindex":0,"rotation":0,"texture":"#0"}}},{"from":[6.0,8.0,6.0],"to":[10.0,20.0,10.0],"faces":{"east":{"uv":[0.0,10.857143,0.5714286,12.571429],"tintindex":0,"rotation":0,"texture":"#0"},"south":{"uv":[0.5714286,10.857143,1.1428572,12.571429],"tintindex":0,"rotation":0,"texture":"#0"},"north":{"uv":[10.428572,10.0,11.000001,11.714286],"tintindex":0,"rotation":0,"texture":"#0"},"west":{"uv":[1.1428572,10.857143,1.7142859,12.571429],"tintindex":0,"rotation":0,"texture":"#0"},"up":{"uv":[10.285715,14.285715,9.714286,13.714287],"tintindex":0,"rotation":0,"texture":"#0"},"down":{"uv":[12.571429,13.714287,12.000001,14.285715],"tintindex":0,"rotation":0,"texture":"#0"}}}],"display":{"gui":{"rotation":[30,225,0]}}}