{"textures":{"0":"modelengine:entity/bl_ice_elemental_blessed"},"elements":[{"from":[8.0,20.0,6.0],"to":[8.0,24.0,10.0],"faces":{"east":{"uv":[13.571429,8.857143,14.142858,9.428572],"tintindex":0,"rotation":0,"texture":"#0"},"west":{"uv":[13.571429,9.428572,14.142858,10.0],"tintindex":0,"rotation":0,"texture":"#0"}}},{"from":[6.0,8.0,6.0],"to":[10.0,20.0,10.0],"faces":{"east":{"uv":[4.571429,9.142858,5.1428576,10.857143],"tintindex":0,"rotation":0,"texture":"#0"},"south":{"uv":[5.1428576,9.142858,5.714286,10.857143],"tintindex":0,"rotation":0,"texture":"#0"},"north":{"uv":[4.0,9.142858,4.571429,10.857143],"tintindex":0,"rotation":0,"texture":"#0"},"west":{"uv":[5.714286,9.142858,6.2857146,10.857143],"tintindex":0,"rotation":0,"texture":"#0"},"up":{"uv":[14.142858,8.285715,13.571429,7.714286],"tintindex":0,"rotation":0,"texture":"#0"},"down":{"uv":[14.142858,8.285715,13.571429,8.857143],"tintindex":0,"rotation":0,"texture":"#0"}}}],"display":{"gui":{"rotation":[30,225,0]}}}