{"textures":{"0":"modelengine:entity/bl_ice_elemental_blessed"},"elements":[{"from":[8.0,20.0,6.0],"to":[8.0,24.0,10.0],"faces":{"east":{"uv":[13.857143,2.5714288,14.428572,3.1428573],"tintindex":0,"rotation":0,"texture":"#0"},"west":{"uv":[13.857143,3.1428573,14.428572,3.7142859],"tintindex":0,"rotation":0,"texture":"#0"}}},{"from":[6.0,8.0,6.0],"to":[10.0,20.0,10.0],"faces":{"east":{"uv":[5.714286,10.857143,6.2857146,12.571429],"tintindex":0,"rotation":0,"texture":"#0"},"south":{"uv":[8.0,10.857143,8.571429,12.571429],"tintindex":0,"rotation":0,"texture":"#0"},"north":{"uv":[1.7142859,10.857143,2.2857144,12.571429],"tintindex":0,"rotation":0,"texture":"#0"},"west":{"uv":[11.000001,10.0,11.571429,11.714286],"tintindex":0,"rotation":0,"texture":"#0"},"up":{"uv":[14.428572,2.0,13.857143,1.4285715],"tintindex":0,"rotation":0,"texture":"#0"},"down":{"uv":[14.428572,2.0,13.857143,2.5714288],"tintindex":0,"rotation":0,"texture":"#0"}}}],"display":{"gui":{"rotation":[30,225,0]}}}