{"textures":{"0":"modelengine:entity/bl_ice_elemental_blessed"},"elements":[{"from":[8.0,24.0,5.0],"to":[8.0,32.0,10.999999],"faces":{"east":{"uv":[10.428572,7.714286,11.285715,8.857143],"tintindex":0,"rotation":0,"texture":"#0"},"west":{"uv":[10.428572,8.857143,11.285715,10.0],"tintindex":0,"rotation":0,"texture":"#0"}}},{"from":[5.0,8.0,5.0],"to":[11.0,24.0,10.999999],"faces":{"east":{"uv":[0.8571429,0.0,1.7142859,2.2857144],"tintindex":0,"rotation":0,"texture":"#0"},"south":{"uv":[1.7142859,0.0,2.5714288,2.2857144],"tintindex":0,"rotation":0,"texture":"#0"},"north":{"uv":[0.0,0.0,0.8571429,2.2857144],"tintindex":0,"rotation":0,"texture":"#0"},"west":{"uv":[0.0,2.2857144,0.8571429,4.571429],"tintindex":0,"rotation":0,"texture":"#0"},"up":{"uv":[12.428572,4.571429,11.571429,3.7142859],"tintindex":0,"rotation":0,"texture":"#0"},"down":{"uv":[11.142858,11.714286,10.285715,12.571429],"tintindex":0,"rotation":0,"texture":"#0"}}}],"display":{"gui":{"rotation":[30,225,0]}}}